tweet_id,thread_id,author_id,created_at,text,context_json,historical_reply,sampling_stratum,suggested_intent,suggested_intent_reason,suggested_escalate,suggested_escalation_reason,suggested_escalation_explanation,suggested_reply_should_include,suggested_reply_must_not_claim,suggested_by_model,intent,escalate,escalation_reason,reply_should_include,reply_must_not_claim,annotator_notes,annotation_method,human_verified
128876,128876,144993,Fri Nov 24 02:15:08 +0000 2017,"@115888 @SpotifyCares @117168
Who should I send recommendations like these to?:
Starred Playlists
Search bar when adding a song
An even more accurate “Discover Weekly”
Boom, Equalify— companies for computers👌🏻, but phones? Incorporate #SpotEQ into your own app, etc.",[],"@144993 We hear you, David! Rest assured, your feedback will be passed on to the right folks /NS",representative,feedback_other,User provides feature suggestions and recommendations.,false,none,"Standard feedback handling, no urgent action.",Acknowledge feedback and confirm it is shared.,Promise specific feature implementation timelines.,qwen/qwen3.6-27b,feedback_other,false,none,Acknowledge feedback and confirm it is shared.,Promise specific feature implementation timelines.,Accepted Groq suggestion,ai_assisted_human_verified,true
123462,123462,143582,Fri Nov 24 00:03:56 +0000 2017,"I was trying to get premium and i couldnt get through. Tried it a couple of time though. Why @SpotifyCares ? 😭

Pls help 😥 https://t.co/U1jx6RrFDu",[],@143582 Hey there! We'll help out. Can you DM us your account's email address? We'll take a look under the hood /AN https://t.co/ldFdZRiNAt,challenge_rare,payments_refunds,User reports failure to purchase Premium.,false,none,"Common payment issue, standard troubleshooting.",Request account details via DM.,Guarantee immediate refund or credit.,qwen/qwen3.6-27b,payments_refunds,true,billing_or_refund,Request account details via DM.,Guarantee immediate refund or credit.,Escalated because the purchase failure may require account or payment-specific support.,ai_assisted_human_verified,true
91667,91667,135880,Thu Nov 30 15:07:35 +0000 2017,"@SpotifyCares Trying to recover password, but getting ""CSRF token is invalid"" - help? Previously signed up through FB but want to avoid using moving forward",[],"@135880 Hey Jonathan! Can you DM us your account's username and email address, along with a screenshot of the error message that you're getting? We'll take a look backstage /SY https://t.co/ldFdZRiNAt",representative,account_access_security,User faces password recovery error.,false,none,"Technical error, requires account verification.","Request username, email, and error screenshot.",Reset password without verification steps.,qwen/qwen3.6-27b,account_access_security,false,none,"Request username, email, and error screenshot.",Reset password without verification steps.,Accepted Groq suggestion,ai_assisted_human_verified,true
522730,522733,240746,Sun Dec 03 07:00:11 +0000 2017,@240747 @SpotifyCares Me too Windows 7 32bit. Before yesterday Spotify was run normally.,"[{""tweet_id"": ""522733"", ""author_id"": ""SpotifyCares"", ""inbound"": false, ""text"": ""@240746 Hey there! We have Thai support via email at https://t.co/zu6tKj0zLO, but we can help out in English here. Just let us know what's happening exactly. We'd love to lend a hand 🙂 /KC""}, {""tweet_id"": ""522726"", ""author_id"": ""240746"", ""inbound"": true, ""text"": ""@SpotifyCares I already solved by myself, delete all Spotify files on my PC and re-install""}, {""tweet_id"": ""522724"", ""author_id"": ""SpotifyCares"", ""inbound"": false, ""text"": ""@240746 We're happy to hear everything's sorted out! If there's anything else you need, just give us a shout 🙂 /KC""}, {""tweet_id"": ""522725"", ""author_id"": ""240746"", ""inbound"": true, ""text"": ""@SpotifyCares begin again LOL and your support link is 404 https://t.co/KGl1eRevws https://t.co/3OSWF08yhT""}, {""tweet_id"": ""522727"", ""author_id"": ""SpotifyCares"", ""inbound"": false, ""text"": ""@240746 That doesn't look good. Which operating system are you running? By the way, can you head over to this link to see if it'll work: https://t.co/MQtBW54x7q? /YM""}, {""tweet_id"": ""522728"", ""author_id"": ""240747"", ""inbound"": true, ""text"": ""@SpotifyCares @240746 I am having exactly the same problem and get the same message when I reinstall it. I am running it on a windows 7 32 bit Dell PC.""}]",@240746 Hmm. Could you DM us your account's username or email address? We'll check behind the scenes /RE https://t.co/ldFdZRiNAt,challenge_followup,app_device_features,User reports app installation failure on Windows.,false,none,Technical support for app functionality.,Request account details for investigation.,Guarantee compatibility with outdated OS.,qwen/qwen3.6-27b,app_device_features,false,none,Request account details for investigation.,Guarantee compatibility with outdated OS.,Accepted Groq suggestion,ai_assisted_human_verified,true
590167,590167,259562,Sat Dec 02 17:23:04 +0000 2017,is there no way i can change my spotify username,[],@259562 Hey there! We've just replied to your DM. Let's continue chatting there /GT,representative,account_access_security,User requests username change.,false,none,Standard account management request.,Direct user to DM or help article.,Ability to change username instantly.,qwen/qwen3.6-27b,account_access_security,false,none,Direct user to DM or help article.,Ability to change username instantly.,Accepted Groq suggestion,ai_assisted_human_verified,true
2935487,2935487,811597,Wed Nov 29 09:25:29 +0000 2017,"@SpotifyCares hi want to cancel my Spotify, how do I do it as it gets charged to my mobile bill",[],"@811597 Hey Robert, help's here! Can you DM us your account's username or email address? We'll see what we can suggest /LS https://t.co/ldFdZRiNAt",representative,plan_management_eligibility,User wants to cancel subscription.,false,none,Standard cancellation inquiry.,Cancellation steps or link.,Refund guaranteed.,qwen/qwen3.6-27b,plan_management_eligibility,false,none,Cancellation steps or link.,Refund guaranteed.,Accepted Groq suggestion,ai_assisted_human_verified,true
620317,620317,267231,Wed Nov 22 15:13:25 +0000 2017,"@SpotifyCares Hey guys, you really should consider including release date of the songs, so it would be easier to sort by year. Making it much easier to create playlists from my songs based on decades. I think it would be really cool on Spotify for PC. ;)",[],@267231 Hey! We've just sent you a DM 🙂 /MX,representative,feedback_other,Feature request for release dates.,false,none,Non-urgent product feedback.,Thanks for feedback.,Feature will be added.,qwen/qwen3.6-27b,feedback_other,false,none,Thanks for feedback.,Feature will be added.,Accepted Groq suggestion,ai_assisted_human_verified,true
594068,594068,260710,Sun Dec 03 13:22:44 +0000 2017,"@116130 im trying to activate my student discount on @260711 but every time I do it asked me to enter my card details... but I already have a Spotify account, is this correct?",[],@260710 Hey Holley! Could you send us your account's username or email address? We'll take a look and see what we can suggest 🔍 /DB https://t.co/ldFdZRiNAt,representative,plan_management_eligibility,Student discount activation issue.,false,none,Standard eligibility verification.,Verification steps.,Discount approved.,qwen/qwen3.6-27b,plan_management_eligibility,false,none,Verification steps.,Discount approved.,Accepted Groq suggestion,ai_assisted_human_verified,true
688062,688063,284356,Thu Nov 23 09:46:42 +0000 2017,@115888 For some reason I can't stream on Extreme quality on mobile data,"[{""tweet_id"": ""688063"", ""author_id"": ""115888"", ""inbound"": true, ""text"": ""Premium gives you unlimited skips. Get 3 months now for just RM2. https://t.co/nnWRooqnWB""}]","@284356 Hi there! That doesn't sound good. Are you getting any errors when streaming on Extreme quality while using your mobile data? If so, send us a screenshot so we can take a closer look /QI",representative,playback_connectivity,Streaming quality issue on mobile.,false,none,Technical troubleshooting needed.,Troubleshooting steps.,Network issue fixed.,qwen/qwen3.6-27b,playback_connectivity,false,none,Troubleshooting steps.,Network issue fixed.,Accepted Groq suggestion,ai_assisted_human_verified,true
653101,653101,275303,Wed Nov 22 18:56:02 +0000 2017,@115888 hey I have a question about my recent bill,[],"@275303 Hey there, help's arrived! Can you DM us your username and email address? We'll take a look under the hood /PC https://t.co/ldFdZRiNAt",representative,payments_refunds,Question about recent bill.,false,none,Billing inquiry requires details.,Request account details.,Bill is correct.,qwen/qwen3.6-27b,payments_refunds,false,none,Request account details.,Bill is correct.,Accepted Groq suggestion,ai_assisted_human_verified,true
2872008,2872008,797427,Tue Nov 28 02:56:54 +0000 2017,"Hey @SpotifyCares is there any way I can fix the issues with my songs skipping? (Almost like a scratched CD.) 
I have updated the app &amp; also uninstalled &amp; reinstalled the app onto my phone, but nothing has worked.",[],"@797427 Hi there! Are you getting any specific error messages? Can you also let us know the device, operating system, and Spotify version you're using? We'll see what we can suggest /YM",representative,playback_connectivity,User reports song skipping issues.,false,none,Standard technical troubleshooting required.,Ask for device and OS details.,Guarantee immediate fix without info.,qwen/qwen3.6-27b,playback_connectivity,false,none,Ask for device and OS details.,Guarantee immediate fix without info.,Accepted Groq suggestion,ai_assisted_human_verified,true
2920672,2920672,808337,Tue Nov 28 21:36:52 +0000 2017,"@117153 Spotify is down in Brazil. There's no error message, but i don't be able to play any music",[],@808337 Hey Pedro! Everything should be running smoothly now. Let us know if this is still happening /CE,representative,playback_connectivity,User reports service outage in Brazil.,false,none,General service status inquiry.,Confirm service status or outage.,Blame user's internet connection.,qwen/qwen3.6-27b,playback_connectivity,false,none,Confirm service status or outage.,Blame user's internet connection.,Accepted Groq suggestion,ai_assisted_human_verified,true
2933223,2933223,811142,Wed Nov 29 08:21:02 +0000 2017,"@SpotifyCares I was randomly logged out, tried to log back in, password didn’t work. Tried to reset password says my accnt doesnt exist????",[],"@811142 Hey Katrina, help's here! Can you DM us your account's email address? We'll take a look backstage /JN https://t.co/ldFdZRiNAt",challenge_sensitive,account_access_security,User cannot log in or reset password.,true,account_or_security_action,Requires account verification and recovery.,Request email for account lookup.,Account is permanently deleted.,qwen/qwen3.6-27b,account_access_security,true,account_or_security_action,Request email for account lookup.,Account is permanently deleted.,Accepted Groq suggestion,ai_assisted_human_verified,true
502650,502650,235092,Fri Dec 01 18:19:02 +0000 2017,"@SpotifyCares I just signed up for the $99 year subscription, but this year's December individual payment has already been deducted from my bank account.  Will I get a refund for this month?",[],,challenge_sensitive,payments_refunds,User questions duplicate or early charge.,true,billing_or_refund,Requires billing investigation and potential refund.,Acknowledge charge inquiry and investigate.,Charge is incorrect without verification.,qwen/qwen3.6-27b,payments_refunds,true,billing_or_refund,Acknowledge charge inquiry and investigate.,Charge is incorrect without verification.,Accepted Groq suggestion,ai_assisted_human_verified,true
2968485,2968485,818862,Wed Nov 29 23:28:43 +0000 2017,@SpotifyCares I want to stop my monthly payments to you because I recently bought a car and I need to save my money for payments for that. Also I dislike how have I to air my problems this way.,[],"@818862 Hi Juliana, help's on the way! Could you DM us your email and username? We'll get things taken care of /JQ https://t.co/ldFdZRiNAt",representative,plan_management_eligibility,User wants to stop monthly payments.,false,none,Standard cancellation request.,Guide to cancel subscription settings.,Cancellation is impossible or restricted.,qwen/qwen3.6-27b,plan_management_eligibility,false,none,Guide to cancel subscription settings.,Cancellation is impossible or restricted.,Accepted Groq suggestion,ai_assisted_human_verified,true
165053,165053,154264,Fri Nov 24 19:08:08 +0000 2017,I’m trying to buy a subscription @115888 so I️ got charged 4 times but still can’t do anything on my app,[],@154264 Hey Issac! We've just replied to your DM. Let's continue chatting there /GT,challenge_sensitive,payments_refunds,User reports multiple charges and subscription issues.,true,billing_or_refund,Multiple charges require billing investigation.,Acknowledge charges and direct to DMs.,Refund guaranteed without review.,qwen/qwen3.6-27b,payments_refunds,true,billing_or_refund,Acknowledge charges and direct to DMs.,Refund guaranteed without review.,Accepted Groq suggestion,ai_assisted_human_verified,true
507445,507445,236484,Fri Dec 01 19:20:10 +0000 2017,"@SpotifyCares Hello, I signed up for a new account and my username is a bunch of random letters and numbers. Could you please help me set it to the username I want?",[],@236484 Hi Alexandru! Can you DM us with your account's username or email address? We'll see what we can suggest /WW https://t.co/ldFdZRiNAt,representative,account_access_security,User wants to change their username.,false,none,Standard account setting request.,Ask for username or email via DM.,Username change is instant.,qwen/qwen3.6-27b,account_access_security,false,none,Ask for username or email via DM.,Username change is instant.,Accepted Groq suggestion,ai_assisted_human_verified,true
466029,466029,225877,Fri Dec 01 03:16:57 +0000 2017,"@SpotifyCares my account still on basic mode even I've paid for premium, what should i do?",[],"@225877 Hey there! Don't worry, we're here to help. Can you DM us your account's email address or username? We'll take a look backstage /MT https://t.co/ldFdZRiNAt",representative,plan_management_eligibility,Paid for Premium but stuck on Basic.,true,billing_or_refund,Payment processed but plan not updated.,Request account details via DM.,Plan will update automatically soon.,qwen/qwen3.6-27b,plan_management_eligibility,true,billing_or_refund,Request account details via DM.,Plan will update automatically soon.,Accepted Groq suggestion,ai_assisted_human_verified,true
2928668,2928668,810215,Wed Nov 29 03:39:00 +0000 2017,"There really needs to be @115888 feature where you can add a specific part of a song, rather than the whole song, to a playlist.",[],"@810215 Hey Nick, this sounds like a great idea! Suggest it in our Community at https://t.co/CTw7YUdKl7 and get support from other users /CH",representative,feedback_other,Suggests adding partial songs to playlists.,false,none,"Feature request, no urgent action needed.",Direct to Community for suggestions.,Feature will be added soon.,qwen/qwen3.6-27b,feedback_other,false,none,Direct to Community for suggestions.,Feature will be added soon.,Accepted Groq suggestion,ai_assisted_human_verified,true
89548,89549,135369,Thu Nov 30 15:16:29 +0000 2017,@SpotifyCares I got chat and got it taken care of easily. Thanks for the support.,"[{""tweet_id"": ""89549"", ""author_id"": ""135369"", ""inbound"": true, ""text"": ""@spotifycares I think my account got hacked. But I can't contact you. Advise.""}, {""tweet_id"": ""89547"", ""author_id"": ""SpotifyCares"", ""inbound"": false, ""text"": ""@135369 Hey there! That doesn't sound good. Can you DM us your account's email address or username? We'll take a look backstage /PB https://t.co/ldFdZRiNAt""}]",@135369 Awesome! Let us know if you ever need us again. We'd be... https://t.co/LgAM6ky9Vv /PB,representative,feedback_other,User expresses thanks for resolved support.,false,none,"Positive feedback, issue already resolved.",Acknowledge thanks and offer future help.,No further action required.,qwen/qwen3.6-27b,feedback_other,false,none,Acknowledge thanks and offer future help.,No further action required.,Accepted Groq suggestion,ai_assisted_human_verified,true
1666483,1666483,507668,Sun Nov 26 02:22:30 +0000 2017,@SpotifyCares you charged me 9.99 for spotify when i am supposed to have the 4.99 student + hulu account wtf ? ? ?,[],@507668 Hey! Help's here. Can you DM us your account's email address? We'll take a look backstage /RA https://t.co/ldFdZRiNAt,challenge_sensitive,payments_refunds,Billing dispute over incorrect charge amount,false,none,Standard billing inquiry handled via DM,Request account email for investigation,Guarantee immediate refund without verification,qwen/qwen3.6-27b,payments_refunds,true,billing_or_refund,Request account details for billing investigation.,Guarantee immediate refund without verification.,Incorrect charge amount requires billing investigation and may require account-specific support.,ai_assisted_human_verified,true
547202,547202,247283,Sat Dec 02 06:59:08 +0000 2017,@3493  you guys should update your app so we can clear recently played list faster instead one by one 😒😒 #lame https://t.co/b8sMgdzgL0,[],"@247283 We hear you 🎧 Rest assured, your feedback will be passed on to the right folks /DF",representative,feedback_other,Feature request for app improvement,false,none,General feedback passed to product team,Acknowledge feedback and promise review,Promise specific feature implementation timeline,qwen/qwen3.6-27b,feedback_other,false,none,Acknowledge feedback and promise review,Promise specific feature implementation timeline,Accepted Groq suggestion,ai_assisted_human_verified,true
637758,637758,271222,Wed Nov 22 19:29:26 +0000 2017,@SpotifyCares @115888 @117168 you should make it possible for users to rearrange the order of songs in their playlists without having to delete the entire playlist. Make this happen please.,[],@271222 We hear you loud and clear! We can’t make any promises but we’ll pass your feedback onto the right folks /JX,representative,feedback_other,Feature request for playlist management,false,none,General feedback passed to product team,Acknowledge feedback and promise review,Promise immediate feature addition,qwen/qwen3.6-27b,feedback_other,false,none,Acknowledge feedback and promise review,Promise immediate feature addition,Accepted Groq suggestion,ai_assisted_human_verified,true
1461612,1461612,459222,Sat Nov 25 06:50:52 +0000 2017,@115888 why spotify can't pay with top up ?,[],"@459222 Hi! The 4990 MYR offer can only be purchased using payments that support automatic billing such as debit/credit cards and PayPal. If you'd like to pay through your mobile service provider, you could get the 3 months for 49990 MYR deal at https://t.co/08kG2GBNp5 /NY",challenge_short,payments_refunds,Inquiry about payment method options,false,none,Standard payment method clarification,List supported payment methods,Support unsupported payment methods like top-up,qwen/qwen3.6-27b,payments_refunds,false,none,List supported payment methods,Support unsupported payment methods like top-up,Accepted Groq suggestion,ai_assisted_human_verified,true
2746339,2746340,769068,Thu Nov 30 17:16:32 +0000 2017,"@SpotifyCares I’m still struggling with this. I’m on the most up to date version, and my phone’s iOS is also up to date - and yet music is regularly disappearing.","[{""tweet_id"": ""2746340"", ""author_id"": ""769068"", ""inbound"": true, ""text"": ""@115888 My files seem to randomly delete themselves - this has happened twice now, and causes me to lose all downloaded music. Any ideas?""}, {""tweet_id"": ""2746338"", ""author_id"": ""SpotifyCares"", ""inbound"": false, ""text"": ""@769068 Hey Dean! Sorry to hear that. Check out the steps under “Downloads unexpectedly removed” at https://t.co/38J7tFlIBF. Let us know how it goes /NH""}]",,representative,playback_connectivity,Issue with downloaded music disappearing,false,none,Technical issue with downloads addressed,Provide troubleshooting steps for downloads,Guarantee permanent fix without further info,qwen/qwen3.6-27b,playback_connectivity,false,none,Provide troubleshooting steps for downloads,Guarantee permanent fix without further info,Accepted Groq suggestion,ai_assisted_human_verified,true
613352,613352,265855,Wed Nov 22 08:47:05 +0000 2017,"@115888 I recently updated my account details to claim student discount, however I’m now being charged for Premium and the student price! Please can you help me! 😞",[],@265855 Hey Amy! Help's here. Could you DM us your account's username or email address? We'll take a look backstage /TM https://t.co/ldFdZRiNAt,challenge_sensitive,payments_refunds,User reports double charging for subscription.,true,billing_or_refund,Billing dispute requires manual review.,Request account details for investigation.,Guarantee immediate refund without review.,qwen/qwen3.6-27b,payments_refunds,true,billing_or_refund,Request account details for investigation.,Guarantee immediate refund without review.,Accepted Groq suggestion,ai_assisted_human_verified,true
2970780,2970780,819433,Thu Nov 30 00:43:41 +0000 2017,@115888 why does my iOS app keep randomly pausing and I have to restart it every time someone calls?!😭😖,[],"@819433 Hey Matt! That's not cool. Can you let us know what exact iPhone model, iOS, and Spotify versions you're using? We'll see what we can suggest /CH",challenge_rare,app_device_features,App crashes on incoming calls.,false,none,Standard troubleshooting for app behavior.,Ask for device and app versions.,Promise a fix without diagnostics.,qwen/qwen3.6-27b,app_device_features,false,none,Ask for device and app versions.,Promise a fix without diagnostics.,Accepted Groq suggestion,ai_assisted_human_verified,true
506029,506029,236083,Fri Dec 01 19:10:19 +0000 2017,when can i stream pitbulls greatest hits album ? @115888,[],"@236083 Fingers crossed we'll be able to have it soon, but there's info about Spotify content here: https://t.co/1dgftcFtzc /VK",representative,content_availability_metadata,Inquiry about specific album availability.,false,none,General content availability question.,Link to content availability info.,Guarantee specific release date.,qwen/qwen3.6-27b,content_availability_metadata,false,none,Link to content availability info.,Guarantee specific release date.,Accepted Groq suggestion,ai_assisted_human_verified,true
1426071,1426071,451296,Sat Nov 25 16:43:49 +0000 2017,Thank you to the team @SpotifyCares to sort my problem out. Awesome customer service 👍#Spotify #spotifycares #CustomerService,[],"@451296 Aww, you made us blush! Glad to see everything worked out. If there's anything else we can help with, just say the word. Otherwise, have a... https://t.co/BsTYLlFHDH 😉 /MT",representative,feedback_other,Positive feedback on customer service.,false,none,No issue requiring resolution.,Thank user for positive feedback.,Promise future service improvements.,qwen/qwen3.6-27b,feedback_other,false,none,Thank user for positive feedback.,Promise future service improvements.,Accepted Groq suggestion,ai_assisted_human_verified,true
1101776,1101776,379971,Sat Nov 25 18:04:47 +0000 2017,Hey yall @115888 @117168 @SpotifyCares @118062 @47529 @47530 @118061 @379972 when will reputation the latest Taylor Swift album be released on Spotify before the new year hopefully cause it's been almost a month and still nothing see below https://t.co/MJKhsFZtRh,[],"@379971 Hey there, we’ll have it available to you as soon as it’s available to us! https://t.co/0i8GpimuDa /TB",representative,content_availability_metadata,Inquiry about album release date.,false,none,Standard content availability inquiry.,State availability depends on rights.,Promise specific release timeline.,qwen/qwen3.6-27b,content_availability_metadata,false,none,State availability depends on rights.,Promise specific release timeline.,Accepted Groq suggestion,ai_assisted_human_verified,true
571345,571345,254209,Sun Dec 03 02:44:31 +0000 2017,Why are there only like 2 #RBD songs on @115888 ??? 😭😭😭😭😭 I want all their music,[],"@254209 Hi there! We’d love to have all of their stuff available, but we have some info about content here: https://t.co/1dgftcFtzc /NQ",representative,content_availability_metadata,User complains about missing artist songs.,false,none,Standard content availability inquiry.,Link to content availability info.,Guarantee specific song availability.,qwen/qwen3.6-27b,content_availability_metadata,false,none,Link to content availability info.,Guarantee specific song availability.,Accepted Groq suggestion,ai_assisted_human_verified,true
2826162,2826162,787267,Mon Nov 27 01:08:35 +0000 2017,"@SpotifyCares Hey my boyfriend is trying to redeem his invite to our premium family but can't, any idea why ?",[],"@787267 Hi Axelle, we've come to the rescue! Could you DM us the email addresses of you and your boyfriend's accounts? We'll take a look under the hood /RE https://t.co/ldFdZRiNAt",representative,plan_management_eligibility,Issue redeeming Family plan invite.,false,none,Requires account details via DM.,Request email addresses via DM.,Resolve issue without account info.,qwen/qwen3.6-27b,plan_management_eligibility,false,none,Request email addresses via DM.,Resolve issue without account info.,Accepted Groq suggestion,ai_assisted_human_verified,true
1630474,1630474,499042,Sun Nov 26 03:04:15 +0000 2017,Bad reputation isn't on @117168.... please fix it,[],"@499042 Hey! Fingers crossed we'll be able to have it soon, but there's info about Spotify content here: https://t.co/0i8GpimuDa /RA",representative,content_availability_metadata,User reports missing specific track.,false,none,Standard missing content request.,Link to content availability info.,Promise immediate track restoration.,qwen/qwen3.6-27b,content_availability_metadata,false,none,Link to content availability info.,Promise immediate track restoration.,Accepted Groq suggestion,ai_assisted_human_verified,true
602849,602849,263161,Sun Dec 03 20:54:48 +0000 2017,@115888 where’s my “your top songs 2017” playlist???? Last year you released it on December 2,[],"@263161 Hi Renata! We're afraid we don't have any news on this, but keep your eyes peeled for more info in the coming weeks 👀 /NJ",representative,app_device_features,Inquiry about missing personalized playlist.,false,none,Feature availability question.,No news on release date.,Specific release date for playlist.,qwen/qwen3.6-27b,content_availability_metadata,false,none,none,Explain availability of the personalized playlist.,Promise a specific release date.,ai_assisted_human_verified,true
2916536,2916536,807268,Tue Nov 28 20:51:18 +0000 2017,I️ wish @115888 had an option to block a song so it wouldn’t come up after u listen to ur play list and it wouldn’t even be a suggestion,[],@807268 Hey Julia! We can see how that’d be useful. We’d recommend suggesting it in our Community where you can get support from other fans: https://t.co/WgY7GXI7jf. Keep on rocking 🤘 /JZ,representative,feedback_other,Feature request for blocking songs.,false,none,Standard feedback submission.,Link to Community feedback page.,Feature will be added soon.,qwen/qwen3.6-27b,feedback_other,false,none,Link to Community feedback page.,Feature will be added soon.,Accepted Groq suggestion,ai_assisted_human_verified,true
538069,538069,244745,Sat Dec 02 03:11:24 +0000 2017,"@SpotifyCares hello, I was trying to get the $1 deal from you guys and instead charged me $10 what’s with that? Thank you.",[],@244744 Hi there! We've just sent you a bit more info over DM. We'll carry on helping out there /AU,representative,payments_refunds,User disputes unexpected charge amount.,true,billing_or_refund,Billing dispute requires specialized review.,Acknowledge charge discrepancy and investigate.,Guarantee immediate refund without review.,qwen/qwen3.6-27b,payments_refunds,true,billing_or_refund,Acknowledge charge discrepancy and investigate.,Guarantee immediate refund without review.,Accepted Groq suggestion,ai_assisted_human_verified,true
2831204,2831204,788329,Mon Nov 27 12:48:50 +0000 2017,"hello @115888 @spotifycares, how to delete a connected fb account from spotify account?   
thank you",[],@788329 Hey there! Could you DM us your account's username or email address? We'll see what we can suggest /RE https://t.co/ldFdZRiNAt,representative,account_access_security,Request to disconnect linked social account.,false,none,Standard account setting modification request.,Guide to account settings for unlinking.,That unlinking is impossible or permanent.,qwen/qwen3.6-27b,account_access_security,false,none,Guide to account settings for unlinking.,That unlinking is impossible or permanent.,Accepted Groq suggestion,ai_assisted_human_verified,true
1822597,1822597,547144,Sun Nov 26 05:58:13 +0000 2017,Can't get premium. Send help @SpotifyCares,[],@547144 Hey! We've just replied to your DM. Let's carry on chatting there /KM,challenge_short,plan_management_eligibility,User unable to activate Premium subscription.,false,none,Common subscription activation issue.,Troubleshooting steps for Premium activation.,That Premium is unavailable to user.,qwen/qwen3.6-27b,plan_management_eligibility,false,none,Troubleshooting steps for Premium activation.,That Premium is unavailable to user.,Accepted Groq suggestion,ai_assisted_human_verified,true
2664000,2664000,750671,Sat Nov 25 15:32:06 +0000 2017,"@118266 itu promo 3 bulan 50k untuk yang baru daftar, apa pelanggan lama juga bisa pake promo itu?",[],"@750671 Hey! We can help out in English via Twitter, but we also have Bahasa support via email at https://t.co/ZgU70TbP8M /DF",representative,plan_management_eligibility,Inquiry about promo eligibility for existing users.,false,none,General policy question about promotions.,Clarify promo terms for existing users.,That all users are eligible for promos.,qwen/qwen3.6-27b,plan_management_eligibility,false,none,Clarify promo terms for existing users.,That all users are eligible for promos.,Accepted Groq suggestion,ai_assisted_human_verified,true
412344,412346,213385,Thu Nov 23 06:24:03 +0000 2017,@SpotifyCares No it’s just it’s very misleading saying 30 mins ad free music and only getting through 3 songs,"[{""tweet_id"": ""412346"", ""author_id"": ""213385"", ""inbound"": true, ""text"": ""@115888 so much for 30 minutes of ad free music when you only get 4 songs ( song around 3 mins) before a new ad. I’m going to take you to fucking court for misleading advertising so up your fucking game""}, {""tweet_id"": ""412345"", ""author_id"": ""SpotifyCares"", ""inbound"": false, ""text"": ""@213385 Hey there, that doesn't sound good! Did the app crash at any point during the 30 minutes? That can cause the ad-free time to reset /GU""}]","@213385 Thanks for confirming. Just to check, were you able to watch the video ad in full after hearing the offer? /GK",challenge_followup,feedback_other,Complaint about misleading ad-free offer.,true,legal_abuse_or_safety,User threatens legal action for misleading ads.,Empathize and escalate to legal team.,That the advertising was not misleading.,qwen/qwen3.6-27b,feedback_other,true,legal_abuse_or_safety,Empathize and escalate to legal team.,That the advertising was not misleading.,Accepted Groq suggestion,ai_assisted_human_verified,true
2784964,2784964,777589,Sun Nov 26 23:58:28 +0000 2017,@SpotifyCares i was charged for regular premium even tho i should get the student discount and it looks like im on both pls..help https://t.co/ZGhnDDjaCO,[],"@777589 Hi there, that doesn't sound good! Can you DM us your account's email address? We'll take a look backstage /AK https://t.co/ldFdZRiNAt",challenge_sensitive,payments_refunds,User reports incorrect charge and billing dispute.,true,billing_or_refund,Requires investigation of charges and potential refund.,Request account email for billing review.,Guarantee immediate refund without verification.,qwen/qwen3.6-27b,payments_refunds,true,billing_or_refund,Request account email for billing review.,Guarantee immediate refund without verification.,Accepted Groq suggestion,ai_assisted_human_verified,true
2916664,2916664,807311,Tue Nov 28 20:50:44 +0000 2017,@115888 get ur shit together,[],@807311 Hey Dina! Everything should be running smoothly now. Let us know if you're still getting issues /GS,representative,feedback_other,Vague complaint without specific technical details.,false,none,"General frustration, no specific issue identified.",Ask for specific details about the issue.,Assume the issue is already resolved.,qwen/qwen3.6-27b,feedback_other,false,none,Ask for specific details about the issue.,Assume the issue is already resolved.,Accepted Groq suggestion,ai_assisted_human_verified,true
535329,535329,244024,Sat Dec 02 02:52:45 +0000 2017,@115888 I might cancel my premium I can’t access my account I got a new one I need to delete it if it’s not accable not happy no one has helped me I forgot my id pass word,[],@244024 Let's not throw in the towel just yet. We'd love to help out. Can you send us a DM? /MU https://t.co/ldFdZRiNAt,challenge_rare,account_access_security,User cannot access account and forgot credentials.,true,account_or_security_action,Requires account recovery and identity verification.,Guide user to account recovery process.,Access user account without proper verification.,qwen/qwen3.6-27b,account_access_security,true,account_or_security_action,Guide user to account recovery process.,Access user account without proper verification.,Accepted Groq suggestion,ai_assisted_human_verified,true
633976,633976,270287,Wed Nov 22 14:20:14 +0000 2017,@115888 will you please dm I need help with account,[],@270287 Hey! What's happening exactly? Can you DM us your account's email address? We'll take a look backstage /SJ https://t.co/ldFdZRiNAt,representative,account_access_security,User requests help with account access.,true,account_or_security_action,Needs direct assistance for account issues.,Request account email via DM.,Resolve issue without account details.,qwen/qwen3.6-27b,account_access_security,true,account_or_security_action,Request account email via DM.,Resolve issue without account details.,Accepted Groq suggestion,ai_assisted_human_verified,true
2763009,2763009,772952,Sun Nov 26 13:14:26 +0000 2017,@SpotifyCares Do you have plans to allow people to buy gift subscriptions for people in other countries? It's crazy that I live in Sweden but can't buy a gift for someone in Ireland.,[],"@772952 Hey! At this time, Spotify gift cards can only be redeemed on accounts registered in the same country where they were purchased, but we can see how that’d be handy. Thanks for taking the time to reach out – your feedback's been noted 📝 /NQ",representative,plan_management_eligibility,Inquiry about gift subscription regional restrictions.,false,none,"Standard policy question, no action needed.",Confirm current regional gift card policy.,Promise future feature implementation.,qwen/qwen3.6-27b,plan_management_eligibility,false,none,Confirm current regional gift card policy.,Promise future feature implementation.,Accepted Groq suggestion,ai_assisted_human_verified,true
2960660,2960660,817093,Wed Nov 29 19:57:55 +0000 2017,"I know I can't be the only person in the world who is sick of all the remastered albums on @115888. At the very least, offer both versions. Don't just remove the original in favor of the remaster. My favorite punk albums have lost their grit and emotion and I'm pissed. 😡",[],"@817093 Hey there, sorry to hear you feel that way. We’d love to have everything available, but we have some info about content here: https://t.co/1dgftcFtzc /JP",representative,content_availability_metadata,Complaint about missing original album versions,false,none,Standard content availability inquiry,Link to content availability info,We will add all versions,qwen/qwen3.6-27b,content_availability_metadata,false,none,Link to content availability info,We will add all versions,Accepted Groq suggestion,ai_assisted_human_verified,true
2965842,2965844,818243,Wed Nov 29 23:51:02 +0000 2017,@SpotifyCares I also Uninstalled and reinstalled the app this morning which didn't help,"[{""tweet_id"": ""2965844"", ""author_id"": ""SpotifyCares"", ""inbound"": false, ""text"": ""@818243 Hi Raynee. Don't worry, we'll look into this. Can you tell us what device, operating system, and app version you're using? We'll see what we can suggest /JU""}, {""tweet_id"": ""2965839"", ""author_id"": ""818243"", ""inbound"": true, ""text"": ""@SpotifyCares I use a Samsung note 5 and 8.4.29.289""}, {""tweet_id"": ""2965837"", ""author_id"": ""SpotifyCares"", ""inbound"": false, ""text"": ""@818243 Thanks. Could you log out, restart the phone, then log back in before trying again? By the way, does this happen on other devices you log in to? /JU""}, {""tweet_id"": ""2965838"", ""author_id"": ""818243"", ""inbound"": true, ""text"": ""@SpotifyCares I've never logged into any other device so I don't know""}, {""tweet_id"": ""2965840"", ""author_id"": ""SpotifyCares"", ""inbound"": false, ""text"": ""@818243 Got it. Have you already tried the steps we suggested on our last reply? /JU""}, {""tweet_id"": ""2965841"", ""author_id"": ""818243"", ""inbound"": true, ""text"": ""@SpotifyCares Yes I just did and now it won't play any music or connect to my WiFi""}]",@818243 Can you DM us your username or email address so we can take a closer look? /JU https://t.co/ldFdZRiNAt,representative,playback_connectivity,App reinstallation failed to fix playback,false,none,Technical troubleshooting in progress,Request for username or email,Issue is resolved immediately,qwen/qwen3.6-27b,playback_connectivity,false,none,Request for username or email,Issue is resolved immediately,Accepted Groq suggestion,ai_assisted_human_verified,true
137166,137166,146933,Fri Nov 24 07:11:12 +0000 2017,@SpotifyCares  my premium status dissapeared. What happened? I'm guessing you want to have my moneys ;p also I hate christmas so the commercials ruined my mood #grinch,[],"@146933 Hey, help's here! We'd like to discuss your account in private. Can you DM us your account's email address? We'll check backstage /GK https://t.co/ldFdZRiNAt",representative,plan_management_eligibility,Premium status disappeared unexpectedly,false,none,Account status verification needed,Request for account email address,Refund will be issued,qwen/qwen3.6-27b,plan_management_eligibility,false,none,Request for account email address,Refund will be issued,Accepted Groq suggestion,ai_assisted_human_verified,true
620373,620373,267244,Wed Nov 22 13:01:15 +0000 2017,"@SpotifyCares hey can you help me about my prob, so i cant pay with my phone provider which is Xl AXIATA. there is an option to use xl axiata to pay, but alwys fail. why?",[],@267244 Hi there! Can you send us a DM with your username or email address? We'll take a look backstage /HR https://t.co/ldFdZRiNAt,representative,payments_refunds,Payment failure with specific provider,false,none,Billing method troubleshooting required,Request for username or email,Provider is fully supported,qwen/qwen3.6-27b,payments_refunds,false,none,Request for username or email,Provider is fully supported,Accepted Groq suggestion,ai_assisted_human_verified,true
275230,275230,181751,Sat Nov 25 00:44:04 +0000 2017,"blocked from playing @115888 *premium* on my phone. yes im crazy, its because i wanna play classical music for my dog on my computer and keep him calm while im out. is this possible with a premium membership?",[],"@181751 Hey, help's here! Can you DM us your account's email address? We'll take a look backstage /MG https://t.co/ldFdZRiNAt",challenge_rare,playback_connectivity,Blocked from playing music on phone,false,none,Playback restriction investigation needed,Request for account email address,Premium allows unlimited offline downloads,qwen/qwen3.6-27b,playback_connectivity,false,none,Request for account email address,Premium allows unlimited offline downloads,Accepted Groq suggestion,ai_assisted_human_verified,true
2934749,2934747,769256,Wed Nov 29 10:42:37 +0000 2017,@SpotifyCares Thanks 🙏,"[{""tweet_id"": ""2934747"", ""author_id"": ""769256"", ""inbound"": true, ""text"": ""@147836 hi Sir when is Spotify going to open in India? India is a music nation with over a billion who love music..""}, {""tweet_id"": ""2934745"", ""author_id"": ""SpotifyCares"", ""inbound"": false, ""text"": ""@769256 @147836 Hey Sumit! We're launching regularly in countries around the world. Sign up here to be first to hear: https://t.co/XDwWzj7cLP 🙂 /L""}, {""tweet_id"": ""2934746"", ""author_id"": ""769256"", ""inbound"": true, ""text"": ""@SpotifyCares @147836 India has over a billion music lovers n it’s a mystery why a company as great as @115888 hasn’t started biz in India? 😐😐""}, {""tweet_id"": ""2934748"", ""author_id"": ""SpotifyCares"", ""inbound"": false, ""text"": ""@769256 We don't have any info to share right now, but make sure to sign up and stay tuned! /L""}]",,representative,feedback_other,Expresses gratitude for previous support interaction.,false,none,Polite closing requires no further action.,You're welcome and happy listening.,New launch dates or features.,qwen/qwen3.6-27b,feedback_other,false,none,You're welcome and happy listening.,New launch dates or features.,Accepted Groq suggestion,ai_assisted_human_verified,true
2913946,2913946,806644,Tue Nov 28 22:07:16 +0000 2017,@SpotifyCares Can i get a refund on my premium that i just started??,[],"@806644 Hey there, we can help with that! Could you DM us your account's username and email address? We'll be waiting /DQ https://t.co/ldFdZRiNAt",challenge_sensitive,payments_refunds,Explicitly requests a refund for premium.,true,billing_or_refund,Refund requests require secure account verification.,Request DM for account details.,Automatic refund approval or denial.,qwen/qwen3.6-27b,payments_refunds,true,billing_or_refund,Request DM for account details.,Automatic refund approval or denial.,Accepted Groq suggestion,ai_assisted_human_verified,true
2920627,2920630,808324,Wed Nov 29 01:04:56 +0000 2017,"@SpotifyCares Thanks NQ! 'Radio' wasn't working, but 'Daily Mix' is functioning as expected. Thanks fir the follow up.","[{""tweet_id"": ""2920630"", ""author_id"": ""808324"", ""inbound"": true, ""text"": ""Upgraded @122609 OS this morning, and now @115888 has borked! 😢😢""}, {""tweet_id"": ""2920629"", ""author_id"": ""SpotifyCares"", ""inbound"": false, ""text"": ""@808324 Hey! Thanks for letting us know. Everything’s looking good on our end now - are you still having this issue? /NQ""}]","@808324 No worries! Just to check, is Radio working now? If it isn't, can you try restarting the Radio station? Keep us posted /NQ",challenge_followup,playback_connectivity,Reports resolution of Radio playback issue.,false,none,Issue resolved; user confirms functionality.,Glad to hear it works.,Technical root cause analysis.,qwen/qwen3.6-27b,playback_connectivity,false,none,Glad to hear it works.,Technical root cause analysis.,Accepted Groq suggestion,ai_assisted_human_verified,true
1778471,1778471,534355,Sun Nov 26 06:07:41 +0000 2017,@SpotifyCares if Spotify is 9.99 a month why is there payments of almost 11 dollars being taken out monthly..,[],@534355 Hey! Help's here. Can you DM us your account's email address? We'll take a look backstage /RA https://t.co/ldFdZRiNAt,representative,payments_refunds,Questions discrepancy in monthly billing amount.,true,billing_or_refund,Billing disputes need private account review.,Request DM for email address.,Specific tax or fee amounts.,qwen/qwen3.6-27b,payments_refunds,true,billing_or_refund,Request DM for email address.,Specific tax or fee amounts.,Accepted Groq suggestion,ai_assisted_human_verified,true
662939,662939,277947,Thu Nov 23 01:00:40 +0000 2017,@115888 explain???? 😂 https://t.co/cVrqvpEwdA,[],@277947 Hi Ganelle. Try listening to this playlist: https://t.co/4cQt9Vn0ec to find out 😉 /JU,representative,feedback_other,"Vague complaint with image, unclear intent.",true,ambiguous_or_multi_intent,Image context missing; intent unclear.,Ask for clarification on issue.,Understanding of the specific problem.,qwen/qwen3.6-27b,feedback_other,true,ambiguous_or_multi_intent,Ask for clarification on issue.,Understanding of the specific problem.,Accepted Groq suggestion,ai_assisted_human_verified,true
142990,142990,148282,Fri Nov 24 08:53:58 +0000 2017,6 ads in a row... seriously? @115888,[],"@148282 Hi there! We appreciate your feedback on this. For now, check out https://t.co/zgnxs5kPEu if you haven't had a subscription before. Feel free to tweet us if there's anything else /GK",challenge_short,feedback_other,Complaint about ad frequency,false,none,"General feedback, no urgent action needed","Acknowledge feedback, offer trial link",Guarantee ad reduction,qwen/qwen3.6-27b,feedback_other,false,none,Acknowledge the feedback about excessive ads.,Guarantee ad reduction.,Removed the unsupported trial-link instruction; this is general feedback about ads.,ai_assisted_human_verified,true
2818879,2818879,415100,Mon Nov 27 03:08:13 +0000 2017,@SpotifyCares is there a way to change my username on Spotify?? I can't find it in my user settings,[],@415100 Hey there! We're afraid it's not currently possible to change your username. Can you DM us your account's email address? We'll take a look backstage /JS https://t.co/ldFdZRiNAt,representative,account_access_security,Request to change username,false,none,Standard account setting inquiry,Clarify username change policy,Promise username change capability,qwen/qwen3.6-27b,account_access_security,false,none,Clarify username change policy,Promise username change capability,Accepted Groq suggestion,ai_assisted_human_verified,true
2905912,2905912,804697,Tue Nov 28 18:02:32 +0000 2017,Sooo I just made a spot if account and tried to get the 3 months for .99 and it charged me.. then said I already used Spotify premium when I just made the account but took the money off card and no premium @115888 @SpotifyCares,[],"@804697 Hey there, help's here! Could you DM us your account's email address and username? We'll take a look backstage /CG https://t.co/ldFdZRiNAt",challenge_sensitive,payments_refunds,Charged for unused premium trial,true,billing_or_refund,Financial dispute requires manual review,Request DM for account details,Immediate refund confirmation,qwen/qwen3.6-27b,payments_refunds,true,billing_or_refund,Request DM for account details,Immediate refund confirmation,Accepted Groq suggestion,ai_assisted_human_verified,true
649933,649933,274511,Wed Nov 22 19:35:59 +0000 2017,demo_02 still isn't on spotify i'm annoyed,[],"@274511 Hey there! Fingers crossed we'll be able to have it soon, but there's info about Spotify content here: https://t.co/0i8GpimuDa /NG",representative,content_availability_metadata,Missing track on platform,false,none,Standard content availability inquiry,Link to content info page,Guarantee specific track addition,qwen/qwen3.6-27b,content_availability_metadata,false,none,Link to content info page,Guarantee specific track addition,Accepted Groq suggestion,ai_assisted_human_verified,true
2819564,2819565,785893,Mon Nov 27 08:05:22 +0000 2017,"@SpotifyCares Thank you, well problem still not resolved for now..","[{""tweet_id"": ""2819565"", ""author_id"": ""785893"", ""inbound"": true, ""text"": ""@SpotifyCares Please check the dm I sent to you .""}, {""tweet_id"": ""2819563"", ""author_id"": ""SpotifyCares"", ""inbound"": false, ""text"": ""@785893 Sorry for the delay! We've just replied to your DM. Check your inbox /RH""}]",@785893 No worries. We'd still be happy to help. Let's carry on chatting via DM /DV,representative,feedback_other,Follow-up on unresolved issue,false,none,Continuation of existing support thread,Encourage continued DM conversation,Resolve issue immediately,qwen/qwen3.6-27b,feedback_other,true,ambiguous_or_multi_intent,Acknowledge that the issue remains unresolved and ask the customer to continue the support conversation with more details.,Do not claim the underlying issue is fixed or promise immediate resolution.,"The message indicates an unresolved issue but does not provide enough information to assign a specific support intent, so escalate for clarification.",ai_assisted_human_verified,true
122818,122818,143407,Thu Nov 23 23:52:01 +0000 2017,@SpotifyCares unable to upgrade to premium,[],@143407 Hey! We've just sent a DM your way. Let's carry on chatting there /RA,challenge_short,plan_management_eligibility,User wants to upgrade to Premium.,false,none,Standard plan upgrade inquiry.,Link to upgrade page.,Free upgrade availability.,qwen/qwen3.6-27b,plan_management_eligibility,false,none,Link to upgrade page.,Free upgrade availability.,Accepted Groq suggestion,ai_assisted_human_verified,true
468964,468966,226663,Fri Dec 01 06:35:58 +0000 2017,@SpotifyCares This is why I gladly give you guys my money each month thank you!😁,"[{""tweet_id"": ""468966"", ""author_id"": ""226663"", ""inbound"": true, ""text"": ""Umm why is @118408 new album not on @115888 yet?????""}, {""tweet_id"": ""468965"", ""author_id"": ""SpotifyCares"", ""inbound"": false, ""text"": ""@226663 Hey, we’ll have it available to you as soon as it’s available to us! https://t.co/1dgftcFtzc /RB""}]",@226663 You're welcome! Let us know if you ever need us again. We'd be... https://t.co/LgAM6ky9Vv /RB,representative,feedback_other,Positive feedback and gratitude.,false,none,"Positive sentiment, no action needed.",Thank you for support.,Specific feature requests.,qwen/qwen3.6-27b,feedback_other,false,none,Thank you for support.,Specific feature requests.,Accepted Groq suggestion,ai_assisted_human_verified,true
620439,620439,267263,Wed Nov 22 14:20:34 +0000 2017,"@SpotifyCares Is it possible to delete my debit card from spotify after i have payed for it, without canceling the order?",[],"@267263 Hi there! No worries, you can cancel anytime by heading to https://t.co/j3mV2PlkwS. Your account will revert to Free once your remaining Premium time lapses. Let us know if you have any questions /WW",representative,payments_refunds,Question about removing payment method.,false,none,Standard billing inquiry.,Steps to manage payment.,Refund eligibility.,qwen/qwen3.6-27b,payments_refunds,false,none,Steps to manage payment.,Refund eligibility.,Accepted Groq suggestion,ai_assisted_human_verified,true
499255,499253,234228,Fri Dec 01 19:50:35 +0000 2017,"@SpotifyCares looks like it worked! (though success message was ""you're premium now!"" and checking my account looks like i'm still monthly, but looking closer reveals my next bill date is december 2018.  just a little wonky like maybe the system wasn't designed for this. anyhow, thx 4 help!","[{""tweet_id"": ""499253"", ""author_id"": ""234228"", ""inbound"": true, ""text"": ""@SpotifyCares trying to switch to the $99/year plan and the form it sends me to has a form for credit card and button to \""start my spotify premium\"". i already have premium, just want to switch my plan.  how do i do that?""}, {""tweet_id"": ""499251"", ""author_id"": ""SpotifyCares"", ""inbound"": false, ""text"": ""@234228 Hey Nate, help's here. After signing up for the offer, you'll be charged the full amount straight away and your Premium time will be applied. You can sign up for the yearly plan here: https://t.co/LHTUu8cPWx. If you need anything else, we're only a tweet away /AL""}, {""tweet_id"": ""499252"", ""author_id"": ""234228"", ""inbound"": true, ""text"": ""@SpotifyCares thanks! i guess my confusion comes from the design &amp; language, makes it seem like i'm signing up anew since you're gathering my billing info again and the button is to \""start premium\"", when i already have premium and you have my billing info. please relay to your content/ux team""}, {""tweet_id"": ""499254"", ""author_id"": ""SpotifyCares"", ""inbound"": false, ""text"": ""@234228 Sorry for the confusion. We hear you 🎧 Rest assured your feedback will be passed onto the right folks. Let us know how it goes /AL""}]","@234228 Awesome, we're glad it worked! If you ever need anything else, just shout and we'll come running 🏃 /AL",challenge_followup,plan_management_eligibility,Confirmation of plan switch success.,false,none,"Resolved issue, positive feedback.",Acknowledgment of successful switch.,Future plan changes.,qwen/qwen3.6-27b,plan_management_eligibility,false,none,Acknowledgment of successful switch.,Future plan changes.,Accepted Groq suggestion,ai_assisted_human_verified,true
455638,455638,223161,Thu Nov 30 21:54:12 +0000 2017,I thought no this is the greatest thing you've ever done for me. Thank you! @SpotifyCares @115888 https://t.co/LKVy3rGbR8,[],"@223161 Hey Quarisa, thanks for the feedback! It's music to our ears. Give us a shout if there's anything else you need, we're... https://t.co/Zrs0lBM8t9 🎶 /LX",representative,feedback_other,Positive feedback and thanks.,false,none,"Positive sentiment, no action needed.",Thank you for feedback.,Specific feature details.,qwen/qwen3.6-27b,feedback_other,false,none,Thank you for feedback.,Specific feature details.,Accepted Groq suggestion,ai_assisted_human_verified,true
470965,470965,227130,Fri Dec 01 07:37:14 +0000 2017,@115888 Hi Spotify can I sort a playlist by most recently added when using the iOS app?  If not could you add that pls?,[],@227130 Hey there! It's possible to sort the tracks on your playlists by recently added. Check out the steps at https://t.co/myAf3mlgcv. Let us know if we can help with anything else 🙂 /AY,representative,app_device_features,User asks about playlist sorting feature.,false,none,"Standard feature inquiry, no escalation needed.",Steps to sort by recently added.,Feature unavailable on iOS app.,qwen/qwen3.6-27b,app_device_features,false,none,Explain whether sorting by recently added is currently supported on iOS.,Promise that the feature will be added.,Feature request/question; do not assume the requested sorting feature currently exists.,ai_assisted_human_verified,true
536977,536979,244461,Sat Dec 02 10:29:30 +0000 2017,He slow respond @SpotifyCares ........,"[{""tweet_id"": ""536979"", ""author_id"": ""244461"", ""inbound"": true, ""text"": ""@SpotifyCares my accout has been verified, but when I open my account for finish my purchasing, “the pages was doesn’t exist“ what happened with my account ? Thanks https://t.co/15ZDSdmYim""}, {""tweet_id"": ""536978"", ""author_id"": ""244461"", ""inbound"": true, ""text"": ""@SpotifyCares Hello @SpotifyCares can you replied my problem?""}]",@244461 Hey there! We've responded to your DM. Let's continue our conversation there /DN,challenge_followup,feedback_other,Complaint about slow response time.,false,none,"General feedback, issue already addressed in DM.",Acknowledge feedback and direct to DM.,Promise immediate public resolution.,qwen/qwen3.6-27b,feedback_other,false,none,Acknowledge feedback and direct to DM.,Promise immediate public resolution.,Accepted Groq suggestion,ai_assisted_human_verified,true
2844619,2844619,791318,Mon Nov 27 09:40:51 +0000 2017,@SpotifyCares hi! My Spotify keeps pausing in the middle of the song...help please? Thank you!,[],"@791318 Hey there, we're here to help! Could you DM us with your account's username and email address? We'll take a look backstage /TB https://t.co/ldFdZRiNAt",representative,playback_connectivity,Song pausing indicates playback issue.,false,none,"Common technical issue, standard troubleshooting.",Request account details via DM.,Guarantee immediate fix without info.,qwen/qwen3.6-27b,playback_connectivity,false,none,Request account details via DM.,Guarantee immediate fix without info.,Accepted Groq suggestion,ai_assisted_human_verified,true
2466939,89526,705887,Sun Nov 26 16:47:58 +0000 2017,@705886 @SpotifyCares Nice one broh 😂,"[{""tweet_id"": ""89526"", ""author_id"": ""115888"", ""inbound"": true, ""text"": ""3 bulan Premium hanya Rp 4.990. Putar musik offline di mana saja. https://t.co/xEhrsMJ3NO""}, {""tweet_id"": ""89531"", ""author_id"": ""705886"", ""inbound"": true, ""text"": ""@115888 kamu suka dengerin musik di spotify???? Dengerin offline harus gonta ganti akun tiap minggu????  \n\nYukkkk beli akun premium di akuu\n1 bulan\n3 bulan \n6 bulan \n12 bulan\n\nYuk order boleh tanyw\"" dulu WA 0859-5962-2112""}, {""tweet_id"": ""2466937"", ""author_id"": ""SpotifyCares"", ""inbound"": false, ""text"": ""@705886 Hey! We can help out in English via Twitter, but we also have Indonesian support through email at https://t.co/ZgU70TbP8M /MG""}, {""tweet_id"": ""2466938"", ""author_id"": ""705886"", ""inbound"": true, ""text"": ""@SpotifyCares What""}]",,representative,feedback_other,Reaction to previous support interaction.,false,none,"Non-issue tweet, no action required.",No reply needed or polite acknowledgment.,Engage in casual conversation unnecessarily.,qwen/qwen3.6-27b,feedback_other,false,none,No reply needed or polite acknowledgment.,Engage in casual conversation unnecessarily.,Accepted Groq suggestion,ai_assisted_human_verified,true
1490590,1490590,466173,Sat Nov 25 17:26:48 +0000 2017,@SpotifyCares @2069 Hello. I tried to activate a premium access. On both attempts I made I was charged on my credit card but the upgrade to premium failed.,[],@466173 Hey Fernando! Sorry for the delay. We've just sent you a bit more info over DM. We'll carry on helping out there /KB,challenge_sensitive,payments_refunds,Charged but upgrade failed.,true,billing_or_refund,Financial discrepancy requires billing team review.,Acknowledge charge and direct to DM.,Refund guaranteed without verification.,qwen/qwen3.6-27b,payments_refunds,true,billing_or_refund,Acknowledge charge and direct to DM.,Refund guaranteed without verification.,Accepted Groq suggestion,ai_assisted_human_verified,true
72093,72091,743336,Sun Nov 26 20:20:31 +0000 2017,@115888 Varför kan man inte betala med iTunes? Jag har bara iTunes. Kan ni inte fixa det? Hade varit grymt! :-),"[{""tweet_id"": ""72091"", ""author_id"": ""115888"", ""inbound"": true, ""text"": ""3 månader Premium kostar bara 9,00 kr. Lyssna på musik offline vart du än går. https://t.co/OBLthO5jlx""}]","@743336 Hi there! We can help out in English via Twitter, but we also have Swedish support via email at https://t.co/ZgU70TbP8M /NJ",representative,payments_refunds,User asks about iTunes payment method support,false,none,"Clear payment method inquiry, no security risk",List supported payment methods for the region,iTunes is a supported payment method,qwen/qwen3.6-27b,payments_refunds,false,none,List supported payment methods for the region,iTunes is a supported payment method,Accepted Groq suggestion,ai_assisted_human_verified,true
582201,582201,257236,Sun Dec 03 01:32:07 +0000 2017,@SpotifyCares answer em dm's,[],@257236 We've just sent a DM your way. Let's carry on chatting there /DR,representative,feedback_other,User requests direct message interaction,false,none,"Routine request for DM, no complex issue",Confirmation that DM has been sent,We cannot send DMs to this user,qwen/qwen3.6-27b,feedback_other,false,none,Confirmation that DM has been sent,We cannot send DMs to this user,Accepted Groq suggestion,ai_assisted_human_verified,true
2489536,2489536,710885,Sun Nov 26 18:47:47 +0000 2017,@SpotifyCares I need your help!,[],@710885 Hey Louis! We've just replied to your DM. Let's continue chatting there /GT,challenge_short,feedback_other,Vague request for help without details,false,none,"Generic help request, likely handled via DM",Confirmation that DM has been sent,We cannot assist with your request,qwen/qwen3.6-27b,feedback_other,true,ambiguous_or_multi_intent,Acknowledge the request for help and ask the customer to provide more details or continue in DM.,Do not claim that a DM has already been sent or that the issue has been resolved.,The request is too vague to determine a specific intent or safely resolve the issue.,ai_assisted_human_verified,true
2489532,2489532,710883,Sun Nov 26 08:14:47 +0000 2017,"@SpotifyCares i want to switch to spotify premium with Indosat, I already entering my number but I don't get the pin code. Help please :(",[],@710883 Hi there! Could you send over your account's email address and username via DM? We'll see what we can suggest /NJ https://t.co/ldFdZRiNAt,challenge_rare,plan_management_eligibility,User issues with Premium activation via carrier,false,none,"Standard activation issue, requires account details",Request for account email and username via DM,We cannot activate carrier plans,qwen/qwen3.6-27b,plan_management_eligibility,false,none,Request for account email and username via DM,We cannot activate carrier plans,Accepted Groq suggestion,ai_assisted_human_verified,true
560965,560965,251257,Sat Dec 02 13:05:39 +0000 2017,"@117153 just upgraded to premium on the student offer, it says it was successful and I got a reference number but still says on my subscription status that I'm on the free one and I haven't received the email, any ideas?",[],"@251257 Hey Sophia, help's here! Could you send us a DM with your account's email address? We'll take a look backstage /CH https://t.co/ldFdZRiNAt",representative,plan_management_eligibility,Student Premium upgrade not reflecting in account,false,none,"Subscription status discrepancy, requires account review",Request for account email via DM,The upgrade was not successful,qwen/qwen3.6-27b,plan_management_eligibility,false,none,Request for account email via DM,The upgrade was not successful,Accepted Groq suggestion,ai_assisted_human_verified,true
2916611,2916612,735005,Wed Nov 29 02:57:52 +0000 2017,"@SpotifyCares Everything is back to normal. Thank you, have a great night and happy holidays!","[{""tweet_id"": ""2916612"", ""author_id"": ""735005"", ""inbound"": true, ""text"": ""@SpotifyCares your app doesn’t work. It shows a black screen and says an error has occurred check your internet connection. My internet is working flawlessly. I’m using an iPhone 7 Plus and I’m on the most current version of iOS and the app is up to date.""}, {""tweet_id"": ""2916610"", ""author_id"": ""SpotifyCares"", ""inbound"": false, ""text"": ""@735005 Hey Jonathan! Everything should be running smoothly now. Let us know if this is still happening /GS""}]","@735005 Awesome, thanks for letting us know. Enjoy the music! https://t.co/SkdXv2BhCb 😉 /BP",representative,feedback_other,"User confirms issue resolved, no new request.",false,none,"Positive feedback, case closed successfully.","Acknowledge resolution, wish happy holidays.",Do not claim issue persists.,qwen/qwen3.6-27b,feedback_other,false,none,"Acknowledge resolution, wish happy holidays.",Do not claim issue persists.,Accepted Groq suggestion,ai_assisted_human_verified,true
634012,634012,270300,Wed Nov 22 13:54:09 +0000 2017,nice https://t.co/C743d5AtFG,[],,representative,feedback_other,Vague positive comment with link.,false,none,"No support issue, just sharing.",Thank user for sharing.,Do not claim technical issue.,qwen/qwen3.6-27b,feedback_other,false,none,Thank user for sharing.,Do not claim technical issue.,Accepted Groq suggestion,ai_assisted_human_verified,true
2813975,2813976,784567,Mon Nov 27 01:53:44 +0000 2017,"@115888 beli hp baru aja trus klo premium trial abis wkwkwkw,,,,tp saya klo dapet trial gratis cuma muter 1 lagu itu itu aja trus wkwkwkw lagunya sirens pearl jam","[{""tweet_id"": ""2813976"", ""author_id"": ""115888"", ""inbound"": true, ""text"": ""Lewati tanpa batas dengan Premium. Dapatkan 3 bulan Premium kini hanya Rp 4.990. https://t.co/qzPhNArKFU""}]","@784567 Hey there! We can help out in English via Twitter, but we also have Indonesian support via email at https://t.co/ZgU70TbP8M /FR",challenge_followup,playback_connectivity,Complains about playback limits on trial.,false,none,Standard trial limitation explanation needed.,Explain trial playback restrictions.,Do not claim bug exists.,qwen/qwen3.6-27b,playback_connectivity,false,none,Explain trial playback restrictions.,Do not claim bug exists.,Accepted Groq suggestion,ai_assisted_human_verified,true
67652,67652,131447,Thu Nov 30 09:06:51 +0000 2017,Nakakaloko yung spotify ayaw tumanggap ng paymet sa globe,[],@131447 Hi Keana! We've just sent you a bit more info over DM. We'll carry on helping out there /MA,representative,payments_refunds,Payment rejection by carrier Globe.,false,none,Common carrier billing issue.,Suggest alternative payment methods.,Do not claim carrier error.,qwen/qwen3.6-27b,payments_refunds,false,none,Suggest alternative payment methods.,Do not claim carrier error.,Accepted Groq suggestion,ai_assisted_human_verified,true
83675,83676,134387,Thu Nov 30 12:34:10 +0000 2017,@115888 @133324 @134388 @4985 Why isn't spotify available in Israel... This is so disrespectful honestly! https://t.co/XH2OyhFMtX,"[{""tweet_id"": ""83676"", ""author_id"": ""115888"", ""inbound"": true, ""text"": ""💥 @133324 x @134388 x @4985.\n#MicDropRemix streaming now.\nhttps://t.co/1GWmhZXcLX https://t.co/sKLsIt8L7W""}]",@134387 Hey Alexa! We're launching in new countries as often as possible. Be sure to add your email at https://t.co/X8DVSX9QgM. Keep rocking 🤘 /MX,representative,content_availability_metadata,Questions regional availability in Israel.,false,none,Standard regional availability inquiry.,Link to country availability list.,Do not promise immediate launch.,qwen/qwen3.6-27b,content_availability_metadata,false,none,Link to country availability list.,Do not promise immediate launch.,Accepted Groq suggestion,ai_assisted_human_verified,true
2967101,2967102,818533,Wed Nov 29 23:30:03 +0000 2017,@SpotifyCares thanks you ... @818534,"[{""tweet_id"": ""2967102"", ""author_id"": ""818533"", ""inbound"": true, ""text"": ""@115888 @818534 \nMe and rose think it was mean yo tan DWARF PROBLEMS off of Spotify and his song is what we listen to when we log on""}, {""tweet_id"": ""2967100"", ""author_id"": ""SpotifyCares"", ""inbound"": false, ""text"": ""@818533 Hey Jennathina! Sometimes content gets temporarily removed because of licensing changes. Hopefully we'll have it available again soon /RA""}]","@818533 You're welcome! If you need anything else, just give us a shout /RA",challenge_followup,feedback_other,"Closing remark, no new issue raised",false,none,"Polite closing, no action needed",Acknowledgment of thanks,New issues or errors,qwen/qwen3.6-27b,feedback_other,false,none,Acknowledgment of thanks,New issues or errors,Accepted Groq suggestion,ai_assisted_human_verified,true
2913981,2913981,806658,Tue Nov 28 20:39:21 +0000 2017,There seems to be an issue @115888 it’s impossible to play any song,[],"@806658 Hey Andrés! We were off beat for a second, but we’re back on track now. We're here if you need us /JE",representative,playback_connectivity,User reports inability to play songs,false,none,"General playback issue, likely resolved",Confirmation of service restoration,Ongoing technical outages,qwen/qwen3.6-27b,playback_connectivity,false,none,Confirmation of service restoration,Ongoing technical outages,Accepted Groq suggestion,ai_assisted_human_verified,true
681807,681807,282711,Thu Nov 30 19:50:05 +0000 2017,@SpotifyCares I keep getting a crsf is invalid error when I try to reset my password!,[],@282711 Hi Kristin! We've just sent a DM your way. Let's carry on chatting there /JQ,challenge_sensitive,account_access_security,Password reset error reported,true,account_or_security_action,Requires secure DM for identity verification,DM sent notification,Password reset success,qwen/qwen3.6-27b,account_access_security,true,account_or_security_action,DM sent notification,Password reset success,Accepted Groq suggestion,ai_assisted_human_verified,true
567967,567967,253235,Sat Dec 02 20:22:09 +0000 2017,@SpotifyCares I signed up for student premium with Hulu but now Hulu can't authorize my account with you. Please help.,[],@253235 Hey there! We've just sent a DM your way. Let's carry on chatting there /AK,representative,plan_management_eligibility,Student plan authorization failure,true,account_or_security_action,Requires account verification via DM,DM sent notification,Immediate account fix,qwen/qwen3.6-27b,plan_management_eligibility,true,billing_or_refund,Acknowledge the Hulu authorization issue and direct the customer to DM with account details for investigation.,Do not claim the account has been fixed or that Hulu authorization will be restored immediately.,Student Premium and Hulu account-linking issue requires account-specific investigation; the suggested security escalation reason is not appropriate.,ai_assisted_human_verified,true
2877429,2877429,798715,Tue Nov 28 06:17:46 +0000 2017,Hi @SpotifyCares. I was paying the student price for a few months w/ a student email address and I just noticed that for the past two or three months I've getting charged the full price (no discount applied.) Why is this? I signed up with my college email address not too long ago,[],@798715 Hey Erika! Can you DM us your account's email address or username? We'll take a look backstage /RH https://t.co/ldFdZRiNAt,representative,payments_refunds,Incorrect billing charges reported,true,billing_or_refund,Requires account review for billing dispute,Request for account details,Refund approval,qwen/qwen3.6-27b,payments_refunds,true,billing_or_refund,Request for account details,Refund approval,Accepted Groq suggestion,ai_assisted_human_verified,true
555494,555494,249704,Sat Dec 02 14:17:14 +0000 2017,@SpotifyCares is your £99 per year deal for Premium open to current monthly premium subscribers in the Uk?  Keeps saying I’m ineligible!,[],@249704 Hi Adam! We've just sent a DM your way. Let's carry on chatting there /CO,representative,plan_management_eligibility,User asks about Premium plan eligibility and pricing.,false,none,Standard inquiry about plan eligibility and offers.,Clarify eligibility criteria for the yearly deal.,Guarantee eligibility without verifying account details.,qwen/qwen3.6-27b,plan_management_eligibility,false,none,Clarify eligibility criteria for the yearly deal.,Guarantee eligibility without verifying account details.,Accepted Groq suggestion,ai_assisted_human_verified,true
113854,113849,259964,Sun Dec 03 10:06:23 +0000 2017,@115888 What about 99p a month for loyal customers who’ve been premium since Spotify started?,"[{""tweet_id"": ""113849"", ""author_id"": ""115888"", ""inbound"": true, ""text"": ""Premium gives you unlimited skips. Get 3 months now for just 99p. https://t.co/l3eocnvSpl""}]","@259964 Hey! Right now, this offer’s for new subscribers only. We’d recommend checking out our new Spotify Yearly discount - 12 months for the price of 10: https://t.co/LHTUu8url7. Any questions, just give us a shout /NJ",challenge_followup,plan_management_eligibility,User requests a loyalty discount for long-term subscribers.,false,none,Standard request for pricing or loyalty discounts.,Explain current offers and loyalty program status.,Promise a discount that does not exist.,qwen/qwen3.6-27b,plan_management_eligibility,false,none,Explain current offers and loyalty program status.,Promise a discount that does not exist.,Accepted Groq suggestion,ai_assisted_human_verified,true
2883054,2883055,799854,Tue Nov 28 14:03:12 +0000 2017,"@SpotifyCares I see that in Android mobile and Windows PC.
When see Strauss autor can see Tchaikovsky song as most played, and song of a band named Strauss.","[{""tweet_id"": ""2883055"", ""author_id"": ""799854"", ""inbound"": true, ""text"": ""@SpotifyCares I think that something is wrong... When a button to report possible mistakes? https://t.co/rEmOzJfgby""}, {""tweet_id"": ""2883053"", ""author_id"": ""SpotifyCares"", ""inbound"": false, ""text"": ""@799854 Hey there. Can you tell us more about what's happening? Also, what device, operating system, and Spotify version are you on? /AY""}]",@799854 Hmm. Do you mean tracks from different artists play whenever you try to listen to Strauss? Can you send us the Album/Playlist/Artist Link? Just tap the three dots &gt; Share &gt; Copy Link /AY,representative,content_availability_metadata,User reports incorrect artist metadata and song attribution.,false,none,Standard metadata error report requiring link verification.,Request specific links to the affected content.,Confirm the error without seeing the links.,qwen/qwen3.6-27b,content_availability_metadata,false,none,Request specific links to the affected content.,Confirm the error without seeing the links.,Accepted Groq suggestion,ai_assisted_human_verified,true
2915242,2915244,806962,Tue Nov 28 23:00:17 +0000 2017,@SpotifyCares You really do care - not just a name 👏,"[{""tweet_id"": ""2915244"", ""author_id"": ""806962"", ""inbound"": true, ""text"": ""Oh hey @115888 are you still alive?""}, {""tweet_id"": ""2915243"", ""author_id"": ""SpotifyCares"", ""inbound"": false, ""text"": ""@806962 Hi there, Spotify should be working perfectly again! Let us know if not, and we'll check on this right away /GN""}]",@806962 We won't disagree with you! Just give us a shout if anything else comes up. We're... https://t.co/zOXI69QSqg 💚 /GN,representative,feedback_other,User provides positive feedback about customer care.,false,none,Positive feedback requires no technical or billing action.,Thank the user for their kind words.,Address any technical issues or billing matters.,qwen/qwen3.6-27b,feedback_other,false,none,Thank the user for their kind words.,Address any technical issues or billing matters.,Accepted Groq suggestion,ai_assisted_human_verified,true
667911,667911,279221,Thu Nov 23 01:55:20 +0000 2017,@SpotifyCares hey is tax included to the $14.99 for the family plan?,[],@279221 Hey! We've sent you a DM. We'll carry on chatting there /LO,representative,payments_refunds,User asks about tax inclusion in plan pricing.,false,none,Standard billing question about tax and pricing.,Clarify whether tax is included in the price.,State tax rules without verifying user location.,qwen/qwen3.6-27b,payments_refunds,false,none,Clarify whether tax is included in the price.,State tax rules without verifying user location.,Accepted Groq suggestion,ai_assisted_human_verified,true
144256,144256,148613,Fri Nov 24 09:22:55 +0000 2017,@SpotifyCares hey guys. Tips on merging artists and fan accounts? Thx!,[],"@148613 Hey there! We're afraid this isn't possible right now. Don't worry, we'll pass this on to the right team.  Let us know if you have other questions /GK",representative,app_device_features,Request about merging artist and fan accounts.,false,none,"Standard feature inquiry, no sensitive data.",Confirm feature unavailability and pass feedback.,Do not promise immediate feature implementation.,qwen/qwen3.6-27b,account_access_security,false,none,Explain whether artist and fan accounts can be merged and provide the relevant account-management guidance.,Do not promise that two accounts can be merged or that the feature will be implemented.,Account-management question about merging artist and fan accounts; not primarily a device or app feature issue.,ai_assisted_human_verified,true
2913948,2913948,806645,Tue Nov 28 20:38:09 +0000 2017,@SpotifyCares your app is down,[],"@806645 Hey! We had a little hiccup backstage, but it should be working now. We're here if you need us /CP",challenge_short,playback_connectivity,User reports app downtime or connectivity issues.,false,none,"General service status inquiry, no specific error.",Acknowledge issue and confirm service status.,Do not guarantee zero future outages.,qwen/qwen3.6-27b,playback_connectivity,false,none,Acknowledge issue and confirm service status.,Do not guarantee zero future outages.,Accepted Groq suggestion,ai_assisted_human_verified,true
497758,497758,233801,Fri Dec 01 16:47:53 +0000 2017,HOW DO I BLOCK FRANKIE COSMOS FROM APPEARING IN MY DAILY MIXES @115888,[],"@233801 Hi there! This isn’t possible right now, but we have more info about this on our Community. Check it out: https://t.co/z6UP3E9TgR /GT",challenge_rare,app_device_features,Request to block artists from algorithmic mixes.,false,none,"Standard feature limitation, no security risk.",Link to community info on blocking artists.,Do not claim blocking is currently possible.,qwen/qwen3.6-27b,app_device_features,false,none,Link to community info on blocking artists.,Do not claim blocking is currently possible.,Accepted Groq suggestion,ai_assisted_human_verified,true
2831193,2831193,788325,Mon Nov 27 12:39:19 +0000 2017,@115888 @SpotifyCares ASAP,[],@788325 Hi! We've sent a DM your way. We'll carry on helping out there /AY,challenge_short,feedback_other,Urgent follow-up without specific new details.,false,none,Context implies ongoing support via DM.,Confirm DM sent and continue support there.,Do not claim issue is fully resolved.,qwen/qwen3.6-27b,feedback_other,true,ambiguous_or_multi_intent,Acknowledge the request and ask the customer to provide details about the issue or continue in DM.,Do not claim that a DM has already been sent or that the issue has been resolved.,The message is too vague to determine a specific intent or safely resolve the request.,ai_assisted_human_verified,true
477658,477659,228476,Fri Dec 01 11:38:50 +0000 2017,"@SpotifyCares I’m currently located in Ho Chi Minh city, Vietnam. I login via my Facebook account.","[{""tweet_id"": ""477659"", ""author_id"": ""228476"", ""inbound"": true, ""text"": ""@117153 I know Spotify's going to enter my country - Vietnam so I'd like to change the country setting from US to Vietnam. However, it doesn't work. I only see one option which is US and nothing else. How can I deal with it, please?""}, {""tweet_id"": ""477657"", ""author_id"": ""SpotifyCares"", ""inbound"": false, ""text"": ""@228476 Hi there! If you're unable to select any other country, this is because the system automatically detects your current location, so it's not possible to switch to a country that doesn't match your IP address. Can you let us know what country you're currently located in? /DR""}]","@228476 We're afraid that we're currently unavailable in Vietnam, which is why it's not letting you update your country settings to Vietnam. Could you DM us your account's email address? We'll see what else we can suggest /MU https://t.co/ldFdZRiNAt",representative,plan_management_eligibility,User seeks to change country settings for eligibility.,true,privacy_or_sensitive_data,Request involves account email and location verification.,Request account email via DM for verification.,Do not claim country change is guaranteed.,qwen/qwen3.6-27b,account_access_security,true,account_or_security_action,Explain the country-setting limitation and direct the customer to DM for account-specific assistance.,Do not guarantee that the country setting can be changed or that the account will be updated immediately.,Account country-setting problem requires account-specific assistance; plan eligibility and privacy escalation are not the primary issue.,ai_assisted_human_verified,true
2022691,2022691,598221,Sun Nov 26 10:23:14 +0000 2017,@SpotifyCares hey it's happening again @146177 has more listeners but @118062 is ranked ahead of him inspite of having less amount of listeners. Is there a problem at my end or is this what everyone is seeing??? #Spotify #WalkOnWater #Reputation https://t.co/S7o8GrRXXQ,[],@598221 @115888 Hey! Thanks for letting us know. Our best tech folks are on the case as we speak. Hopefully we'll have it corrected soon /RC,representative,content_availability_metadata,Ranking discrepancy despite listener counts.,false,none,Technical issue already acknowledged by support.,Acknowledge ongoing investigation into ranking.,Guarantee immediate fix timeline.,qwen/qwen3.6-27b,content_availability_metadata,false,none,Acknowledge ongoing investigation into ranking.,Guarantee immediate fix timeline.,Accepted Groq suggestion,ai_assisted_human_verified,true
2850062,2850063,792505,Mon Nov 27 13:22:28 +0000 2017,@115888 Not true. I downloaded Spotify and theres no free songs to download. Just to let u know,"[{""tweet_id"": ""2850063"", ""author_id"": ""115888"", ""inbound"": true, ""text"": ""Instant access to millions of songs.""}]","@792505 Hey there! Allow us to clear things up. With Spotify Free, you'll be able to access and stream all the songs in our catalog, but you'll be unable to download them for offline listening. There's more info about our subscription options here: https://t.co/yhxGR83lPs /DB",challenge_followup,plan_management_eligibility,Confusion about Free tier download limits.,false,none,Standard policy clarification needed.,Clarify Free vs Premium download rules.,Free users can download songs.,qwen/qwen3.6-27b,plan_management_eligibility,false,none,Clarify Free vs Premium download rules.,Free users can download songs.,Accepted Groq suggestion,ai_assisted_human_verified,true
118883,118884,142359,Thu Nov 23 22:47:15 +0000 2017,@SpotifyCares Just dm'd you,"[{""tweet_id"": ""118884"", ""author_id"": ""142359"", ""inbound"": true, ""text"": ""@115888 I was listening to Spotify today, tried now and it's logged me out and won't let me sign back in. Tried to reset password but doesn't recognise my username/email. What's going on???""}, {""tweet_id"": ""118882"", ""author_id"": ""SpotifyCares"", ""inbound"": false, ""text"": ""@142359 Hey, help's here! Can you DM us your account's username or email address? We'll take a look under the hood /JM https://t.co/ldFdZRiNAt""}]",@142359 We've just sent you a reply via DM. We'll carry on helping out there /JM,challenge_followup,account_access_security,Login failure and password reset issues.,false,none,Support already engaged via DM.,Confirm DM response sent.,Account is permanently locked.,qwen/qwen3.6-27b,account_access_security,false,none,Confirm DM response sent.,Account is permanently locked.,Accepted Groq suggestion,ai_assisted_human_verified,true
637729,637736,271221,Wed Nov 22 20:58:18 +0000 2017,@SpotifyCares @271218 @SpotifyCares HOW ABOUT YOU REPLY TO NET NOBODY.,"[{""tweet_id"": ""637736"", ""author_id"": ""139985"", ""inbound"": true, ""text"": ""Hello @SpotifyCares you should seriously respond to my DMs and answer my questions because I’m beginning to feel like Spotify...DOESN’T CARE.""}, {""tweet_id"": ""637730"", ""author_id"": ""271218"", ""inbound"": true, ""text"": ""@139985 @SpotifyCares They probably fucking don't""}, {""tweet_id"": ""637725"", ""author_id"": ""SpotifyCares"", ""inbound"": false, ""text"": ""@271218 Hey Morgan! We'd love to have them on Spotify. Hopefully we will in the future. We've got some more info on content for you here: https://t.co/MEjmIRL2eB /JI""}]",,challenge_followup,feedback_other,Frustration over lack of support response.,true,low_evidence,Aggressive tone requires careful handling.,Apologize for delay and frustration.,Ignore the user's anger.,qwen/qwen3.6-27b,feedback_other,true,low_evidence,Apologize for delay and frustration.,Ignore the user's anger.,Accepted Groq suggestion,ai_assisted_human_verified,true
619684,2918,267071,Wed Nov 22 10:45:42 +0000 2017,@SpotifyCares I have one last question pls check dm thank you  :))),"[{""tweet_id"": ""2918"", ""author_id"": ""267071"", ""inbound"": true, ""text"": ""@115888 Why i can't register to php9 premium??""}, {""tweet_id"": ""619690"", ""author_id"": ""SpotifyCares"", ""inbound"": false, ""text"": ""@267071 Hey there! Can you DM us your account's email address and username? We'll take a look backstage /MX https://t.co/ldFdZRiNAt""}, {""tweet_id"": ""619689"", ""author_id"": ""267071"", ""inbound"": true, ""text"": ""@SpotifyCares Done. Please check dm""}, {""tweet_id"": ""619687"", ""author_id"": ""SpotifyCares"", ""inbound"": false, ""text"": ""@267071 We've just sent you a bit more info over DM. We'll carry on helping out there /MX""}, {""tweet_id"": ""619686"", ""author_id"": ""267071"", ""inbound"": true, ""text"": ""@SpotifyCares I ask something pls notice me on dm""}, {""tweet_id"": ""619685"", ""author_id"": ""SpotifyCares"", ""inbound"": false, ""text"": ""@267071 We've just sent you a DM 🙂 /MX""}]",@267071 We've just sent you a DM your way 🙂 /QI,representative,plan_management_eligibility,Follow-up on Premium registration issue.,false,none,Ongoing DM support thread.,Confirm DM check and assistance.,Resolve issue without DM review.,qwen/qwen3.6-27b,plan_management_eligibility,false,none,Confirm DM check and assistance.,Resolve issue without DM review.,Accepted Groq suggestion,ai_assisted_human_verified,true
2944920,2944920,813509,Wed Nov 29 14:54:01 +0000 2017,@SpotifyCares I️ would use Spotify for podcasts if you guys had ign Game Scoop! And podcast Beyond!,[],@813509 Hey Jake. We’re working hard with rights holders to get more of the best content on the service. Stay tuned! /WP,representative,content_availability_metadata,Requesting specific podcast titles on platform.,false,none,"Standard content request, no action needed.","Acknowledge request, mention rights holder efforts.",Guarantee specific podcast availability soon.,qwen/qwen3.6-27b,content_availability_metadata,false,none,"Acknowledge request, mention rights holder efforts.",Guarantee specific podcast availability soon.,Accepted Groq suggestion,ai_assisted_human_verified,true
153766,153763,151203,Sat Nov 25 07:11:21 +0000 2017,@SpotifyCares only this https://t.co/AYe8kOwXjB,"[{""tweet_id"": ""153763"", ""author_id"": ""151203"", ""inbound"": true, ""text"": ""@SpotifyCares is your 9 pesos promo for 3 months isn't available for debit cards?""}, {""tweet_id"": ""153761"", ""author_id"": ""SpotifyCares"", ""inbound"": false, ""text"": ""@151203 Hey there! You can use a recurring payment method (credit/debit card or PayPal) to activate the 3 months for ₱9 offer. If you're going to pay via your mobile service provider, you can get 3 months of Premium for ₱129 (plus tax). Hope this clears things up /KL""}, {""tweet_id"": ""153762"", ""author_id"": ""151203"", ""inbound"": true, ""text"": ""@SpotifyCares What if there's no choices for debit??""}, {""tweet_id"": ""153764"", ""author_id"": ""SpotifyCares"", ""inbound"": false, ""text"": ""@151203 Can you send us a screenshot of the options that you're seeing on the page? We'd recommend making sure that the screenshot doesn't show your full credit card number, expiration date, or 3-digit code for privacy reasons /MG""}]",,challenge_followup,payments_refunds,User shares screenshot regarding payment method options.,false,none,"Context clarifies billing inquiry, not ambiguous.","Review screenshot, advise on payment options.",Promise immediate refund or plan change.,qwen/qwen3.6-27b,payments_refunds,false,none,"Review screenshot, advise on payment options.",Promise immediate refund or plan change.,Accepted Groq suggestion,ai_assisted_human_verified,true
2917937,2917937,807665,Tue Nov 28 21:02:14 +0000 2017,@115888 is down FML,[],@807665 Hey there! Everything should be running smoothly now. Let us know if you're still getting issues /GS,representative,playback_connectivity,User reports service outage or downtime.,false,none,"General service status inquiry, resolved.","Confirm service status, offer further help.",Blame user device or internet connection.,qwen/qwen3.6-27b,playback_connectivity,false,none,"Confirm service status, offer further help.",Blame user device or internet connection.,Accepted Groq suggestion,ai_assisted_human_verified,true
2912437,2912437,806220,Tue Nov 28 20:27:27 +0000 2017,@SpotifyCares why isn’t anything besides my predone playlist working? I can’t use the radio or search or home page or discover   I pay 15 bucks a month I expect to be able to use what I pay for,[],"@806220 Hi there, thanks for bearing with us. Spotify should be working perfectly again. Let us know if not /LP",representative,playback_connectivity,Multiple features failing despite paid subscription.,false,none,"Likely resolved service issue, standard reply.","Confirm service restoration, ask for updates.",Ignore user's frustration or payment status.,qwen/qwen3.6-27b,playback_connectivity,false,none,"Confirm service restoration, ask for updates.",Ignore user's frustration or payment status.,Accepted Groq suggestion,ai_assisted_human_verified,true
490763,490763,231902,Fri Dec 01 15:12:22 +0000 2017,@118266 mau nanya promo yg 3 bulan 50k itu kalo bayar pake XL ada minimum pulsa gak ya? krn pulsa saya pas 50k tp pas udh masukkin pin katanya saldonya kurang. https://t.co/sOuyfeRWU9,[],"@231902 Hey Diana! We can help out in English via Twitter, but we also have Indonesian support via email at https://t.co/ZgU70TbP8M /JI",representative,payments_refunds,Inquiry about mobile carrier payment balance requirements.,false,none,Language barrier handled by redirecting support.,Redirect to local language support channel.,Answer technical billing details in English.,qwen/qwen3.6-27b,payments_refunds,false,none,Redirect to local language support channel.,Answer technical billing details in English.,Accepted Groq suggestion,ai_assisted_human_verified,true
172438,172438,155918,Fri Nov 24 22:17:17 +0000 2017,"@115888 @spotifycares everyone right now has the problem that they can't play any songs from album pages. happening since today, on the desktop client and on the web page too, in the app everything works normally",[],,challenge_rare,playback_connectivity,Playback failure on desktop and web clients.,false,none,Clear technical issue description provided.,Troubleshooting steps for desktop and web.,Issue is user error or device specific.,qwen/qwen3.6-27b,playback_connectivity,false,none,Troubleshooting steps for desktop and web.,Issue is user error or device specific.,Accepted Groq suggestion,ai_assisted_human_verified,true
124838,124838,143965,Fri Nov 24 00:58:04 +0000 2017,"@115888 hi so I’m trying to listen to glory days platinum edition but have only been able to listen to three songs of the actual album as I have had about 12 suggested tracks, how can I sort this out 🙃🙄",[],@143965 Hey there! We're here to help. Can you DM us your account's email address? We'll take a look under the hood /AN https://t.co/ldFdZRiNAt,representative,content_availability_metadata,User reports missing tracks from specific album.,false,none,Standard content availability inquiry.,Explanation of album track listing variations.,All albums have identical track counts.,qwen/qwen3.6-27b,content_availability_metadata,false,none,Explanation of album track listing variations.,All albums have identical track counts.,Accepted Groq suggestion,ai_assisted_human_verified,true
2954677,2954678,815710,Wed Nov 29 20:49:56 +0000 2017,@SpotifyCares That’s great. Thanks for letting me know.,"[{""tweet_id"": ""2954678"", ""author_id"": ""815710"", ""inbound"": true, ""text"": ""@SpotifyCares My current phone contract includes Spotify premium &amp; is due to finish next month so I’m looking for a better mobile deal.\n\nOnce it’s cancelled, can I re-enable my Spotify subscription directly w/ you and, if so, will my playlists remain intact? Thanks.""}, {""tweet_id"": ""2954676"", ""author_id"": ""SpotifyCares"", ""inbound"": false, ""text"": ""@815710 Hey there, not to worry! You can absolutely subscribe directly through Spotify, just head here to get started: https://t.co/WB5TSxRfDe. Your playlists will remain intact for you as well. Hope this helps /JX""}]",@815710 You're welcome! Let us know if you need anything else 🙂 /VK,challenge_followup,feedback_other,User expresses gratitude for previous assistance.,false,none,"Positive feedback, no action required.",Polite acknowledgment of thanks.,Any new policy changes or fees.,qwen/qwen3.6-27b,feedback_other,false,none,Polite acknowledgment of thanks.,Any new policy changes or fees.,Accepted Groq suggestion,ai_assisted_human_verified,true
175483,175483,157219,Fri Nov 24 23:24:13 +0000 2017,@118266 halo saya mau daftar premium spotify pakai indosat kok gak nerima sms utk pinnya ya? udh saya tunggu &amp; cb berkali2 gak bisa. pdhl biasanya lancar aja. gmn solusinya? thanks 😀,[],"@157219 Hey! We can help out in English via Twitter, but we also have Indinesian support via email at https://t.co/ZgU70TbP8M /RB",representative,payments_refunds,Issue with SMS verification for payment setup.,true,unsupported_language,"Message is in Indonesian, requires local support.",Redirect to Indonesian support channels.,We can resolve this via Twitter DM.,qwen/qwen3.6-27b,payments_refunds,true,unsupported_language,Redirect to Indonesian support channels.,We can resolve this via Twitter DM.,Accepted Groq suggestion,ai_assisted_human_verified,true
662937,662937,277946,Thu Nov 23 01:22:51 +0000 2017,wondering why taylor didn't put rePUTAtion on spotify yet @118062 @115948 @117168,[],"@277946 Hey there. ""Taylor Swift's 'Reputation' isn't available to stream just yet! For now, check out the singles: https://t.co/3h0TnPWP0c /MO",representative,content_availability_metadata,Inquiry about specific album availability on platform.,false,none,General content availability question.,Current status of the album's availability.,Release dates not yet announced by artist.,qwen/qwen3.6-27b,content_availability_metadata,false,none,Current status of the album's availability.,Release dates not yet announced by artist.,Accepted Groq suggestion,ai_assisted_human_verified,true
2871119,2871120,797217,Tue Nov 28 02:55:43 +0000 2017,@SpotifyCares WiFi with LTE assistance,"[{""tweet_id"": ""2871120"", ""author_id"": ""797217"", ""inbound"": true, ""text"": ""@115888 my music is taking 3+ minutes to download one song. I have 900. Help!""}, {""tweet_id"": ""2871118"", ""author_id"": ""SpotifyCares"", ""inbound"": false, ""text"": ""@797217 Hey Regan, help's here! Just to check, is this happening over 3G/4G, WiFi, or both? /CH""}]","@797217 Is this happening over a private or work/public WiFi connection? If you're at home, could you try restarting your router? /CH",representative,playback_connectivity,User specifies WiFi/LTE context for download issues.,false,none,Standard troubleshooting for connectivity issues.,Ask about router restart or network type.,Guarantee immediate fix or specific speed.,qwen/qwen3.6-27b,playback_connectivity,false,none,Ask about router restart or network type.,Guarantee immediate fix or specific speed.,Accepted Groq suggestion,ai_assisted_human_verified,true
2637137,2637138,686039,Thu Nov 30 05:05:53 +0000 2017,"@SpotifyCares Yo, I can't thank you guys enough. i know me asking for it probably wasn't the catalyst but I'm just so happy to finally have  DMXs version of Rudolph 🙌🏾🙏🏾","[{""tweet_id"": ""2637138"", ""author_id"": ""686039"", ""inbound"": true, ""text"": ""@115888 @SpotifyCares can we possibly get DMX in the studio to record his version of \""Rudolf the red nosed reindeer\"" and then have it as a Spotify exclusive???""}, {""tweet_id"": ""2637136"", ""author_id"": ""SpotifyCares"", ""inbound"": false, ""text"": ""@686039 Hi, sounds like a great idea! We'll make sure to pass it on to the relevant folks 😉 /GT""}]",@686039 Hey there! Happy listening. Just let us know if we can help with anything else. https://t.co/m4HWSbgHVZ /NQ,representative,feedback_other,User expresses gratitude for content availability.,false,none,Positive feedback requires no action.,Acknowledge thanks and offer further help.,Promise future exclusive content releases.,qwen/qwen3.6-27b,feedback_other,false,none,Acknowledge thanks and offer further help.,Promise future exclusive content releases.,Accepted Groq suggestion,ai_assisted_human_verified,true
2818178,2818178,121907,Sat Nov 25 13:00:14 +0000 2017,"สิงโต นำโชคมีข้อความมาฝาก พร้อมกับแนะนำเพลงใหม่ของเขา เพลง ""ต๊อก"" อย่าลืมไปฟังเพลงนี้กันเยอะๆนะ
https://t.co/7r0pP1X8Ua https://t.co/BU35PuwLwg",[],,challenge_language,feedback_other,Promotional message in unsupported language.,true,unsupported_language,"Message is in Thai, not English.","None, escalate for language handling.",Ability to process Thai requests directly.,qwen/qwen3.6-27b,feedback_other,true,unsupported_language,"None, escalate for language handling.",Ability to process Thai requests directly.,Accepted Groq suggestion,ai_assisted_human_verified,true
466821,466821,226106,Fri Dec 01 03:46:13 +0000 2017,@SpotifyCares can I please get some help,[],@226106 Hi! We've just sent a DM your way. Let's carry on chatting there /RB,challenge_short,feedback_other,Vague request for help without details.,true,low_evidence,Insufficient information to determine intent.,Request specific details about the issue.,Knowledge of the user's specific problem.,qwen/qwen3.6-27b,feedback_other,true,low_evidence,Request specific details about the issue.,Knowledge of the user's specific problem.,Accepted Groq suggestion,ai_assisted_human_verified,true
492378,492380,232357,Fri Dec 01 15:53:37 +0000 2017,@131098 Ben benieuwd :-),"[{""tweet_id"": ""492380"", ""author_id"": ""232357"", ""inbound"": true, ""text"": ""@131098 Vraagje. Kan ik een playlist van mijn account overzetten naar een ander account? Zodat deze zonder mijn account gebruikt kan worden, ook al wordt mijn account ooit verwijderd. Thank you!""}]","@232357 Hey Dennis! We can help out in English via Twitter, but we also have Dutch support via email at https://t.co/ZgU70TbP8M. Let us know how you'd like to proceed /AU",representative,plan_management_eligibility,Context asks about transferring playlists between accounts.,true,unsupported_language,User message is in Dutch.,Direct to Dutch support channel.,Ability to transfer playlists directly.,qwen/qwen3.6-27b,plan_management_eligibility,true,unsupported_language,Direct to Dutch support channel.,Ability to transfer playlists directly.,Accepted Groq suggestion,ai_assisted_human_verified,true
2809541,2809539,790154,Mon Nov 27 05:33:22 +0000 2017,@115888 Pake kartu kredit njir,"[{""tweet_id"": ""2809539"", ""author_id"": ""115888"", ""inbound"": true, ""text"": ""3 bulan Premium hanya Rp 4.990. Putar musik offline di mana saja. https://t.co/XsPGC4g8VT""}]","@790154 Hey there! Could you tell us more info about this? If you're having issues, let us know. We'll be happy to help /JE",representative,payments_refunds,User mentions credit card payment method.,false,none,Standard payment method inquiry.,Confirm payment method acceptance.,Guarantee specific card approval.,qwen/qwen3.6-27b,payments_refunds,false,none,Confirm payment method acceptance.,Guarantee specific card approval.,Accepted Groq suggestion,ai_assisted_human_verified,true
2937141,2937142,811929,Wed Nov 29 14:21:19 +0000 2017,"@SpotifyCares I've already taken these steps  I have reinstalled having cleared offline devices, I am online every day, I have not got more than 3 devices downloaded and I am not over the song limit. My app is up to date, but the songs will clear without an update happening.","[{""tweet_id"": ""2937142"", ""author_id"": ""811929"", ""inbound"": true, ""text"": ""@SpotifyCares my music is repeatedly being undownloaded or refusing to show up in android. I have cleared caches, reinstalled, managed offline devices and it happens repeatedly - please advise.""}, {""tweet_id"": ""2937140"", ""author_id"": ""SpotifyCares"", ""inbound"": false, ""text"": ""@811929 Hi Benedict, sorry to hear that! Check out the steps under “Downloads unexpectedly removed” at https://t.co/EidIERWgLX. They should help with this /JN""}]",,representative,playback_connectivity,Issue with offline downloads clearing.,false,none,Technical troubleshooting for downloads.,Further troubleshooting steps.,Immediate fix without data.,qwen/qwen3.6-27b,playback_connectivity,true,low_evidence,Acknowledge the troubleshooting already completed and direct the customer to DM for further investigation.,Do not repeat the same troubleshooting steps or promise an immediate fix.,Persistent download issue despite extensive troubleshooting; requires further investigation rather than repeating generic steps.,ai_assisted_human_verified,true
506062,506062,236092,Fri Dec 01 18:51:05 +0000 2017,"@spotifycares is there any way I can share a link with someone to my playlist without it showing my old, embarrassing username ??",[],"@236092 Hey Hannah, we're here to help! Could you DM us your account's email address? We'll take a look backstage for you /BX https://t.co/ldFdZRiNAt",representative,app_device_features,Question about playlist sharing and username.,false,none,Feature usage question.,Explain username visibility settings.,Ability to hide username entirely.,qwen/qwen3.6-27b,app_device_features,false,none,Explain username visibility settings.,Ability to hide username entirely.,Accepted Groq suggestion,ai_assisted_human_verified,true
567961,567961,253233,Sat Dec 02 18:50:00 +0000 2017,@115888 how come the invitation to join my families Spotify premium isn’t sending??? 😤😭😢 they’ve tried to email it to me 5 million times. HELP I NEED MA PREMIUM BACK,[],"@253233 Hey Kalley! The cavalry's here. Can you DM us the plan owner's email address, as well as yours? We'll take a look under the hood /KB https://t.co/ldFdZRiNAt",representative,plan_management_eligibility,Family plan invitation delivery failure.,false,none,Plan management issue.,Request account details for check.,Instant invitation resend.,qwen/qwen3.6-27b,plan_management_eligibility,false,none,Request account details for check.,Instant invitation resend.,Accepted Groq suggestion,ai_assisted_human_verified,true
1157911,1157911,392383,Sat Nov 25 18:29:16 +0000 2017,@SpotifyCares I get charged each month but the accounts I log into say I'm not on premium. I need help,[],"@392383 Hey Margo, help's here! Could you send us a DM with your account's email address or username? We'll take a look backstage /CO",representative,payments_refunds,Charged but no premium access.,false,none,Billing and account status mismatch.,Request account email for review.,Immediate refund promise.,qwen/qwen3.6-27b,payments_refunds,true,billing_or_refund,Acknowledge the recurring charge issue and direct the customer to DM with account details for billing investigation.,Do not promise a refund or claim the Premium status will be restored without verification.,Recurring charges without Premium access indicate an account-specific billing issue requiring investigation.,ai_assisted_human_verified,true
93887,93884,789129,Mon Nov 27 14:28:44 +0000 2017,"@115888 How long will this offer last for? I have free Apple Music until the end of January, but I’m really considering switching hung back over.","[{""tweet_id"": ""93884"", ""author_id"": ""115888"", ""inbound"": true, ""text"": ""3 months of Premium is just 99p. Play music offline wherever you go. https://t.co/Xh1lRRX8rq""}]",@789129 Hey there! The deals that we currently offer are available until the 31st of December 2017. You can grab them at https://t.co/08kG2GBNp5. Let us know if you have further questions 🙂 /MA,representative,plan_management_eligibility,Asking about offer duration and switching plans.,false,none,Clear question about promotional offer validity.,Offer end date and sign-up link.,Guarantee indefinite availability of the offer.,qwen/qwen3.6-27b,plan_management_eligibility,false,none,Offer end date and sign-up link.,Guarantee indefinite availability of the offer.,Accepted Groq suggestion,ai_assisted_human_verified,true
597352,597352,261633,Sun Dec 03 10:45:17 +0000 2017,@115888 how do I sign up for the annual £99 offer that flashed up on my phone yesterday?,[],"@261633 Hi there! You can check out our Spotify Yearly discount - 12 months for the price of 10 at https://t.co/LHTUu8url7. Any questions, just give us a shout /NJ",representative,plan_management_eligibility,Inquiring about signing up for annual discount.,false,none,Standard inquiry about plan subscription process.,Link to yearly discount page.,Promise immediate activation without verification.,qwen/qwen3.6-27b,plan_management_eligibility,false,none,Link to yearly discount page.,Promise immediate activation without verification.,Accepted Groq suggestion,ai_assisted_human_verified,true
2916559,2916559,807277,Tue Nov 28 23:22:04 +0000 2017,I just wanna knowwwww @115888 is @118062 #repuatation album coming soooonn??? Never orrrr just singles 🧐,[],"@807277 Hey Shantelle, we’ll have it available to you as soon as it’s available to us! For now, check out the singles: https://t.co/3h0TnPWP0c /KL",representative,content_availability_metadata,Asking about album release date and availability.,false,none,General question about content release schedule.,Statement on release timing and current singles.,Confirm exact release date if unknown.,qwen/qwen3.6-27b,content_availability_metadata,false,none,Statement on release timing and current singles.,Confirm exact release date if unknown.,Accepted Groq suggestion,ai_assisted_human_verified,true
599478,599478,262212,Sun Dec 03 12:11:44 +0000 2017,"@122609 @SpotifyCares using android Auto, I can no longer skip back to the beginning of a song. The back button takes me to the previous track. Any ideas why please?",[],"@262212 Hey there! Help's here. Can you let us know the device, Android, and app version you're running? We'll see what we can suggest /PB",representative,app_device_features,Issue with Android Auto playback controls.,false,none,Technical issue with specific device integration.,Request for device and app version details.,Guarantee immediate fix without further diagnostics.,qwen/qwen3.6-27b,app_device_features,false,none,Request for device and app version details.,Guarantee immediate fix without further diagnostics.,Accepted Groq suggestion,ai_assisted_human_verified,true
2910955,2910955,805856,Tue Nov 28 20:20:38 +0000 2017,"@117153 Can't reproduce any songs on webplayer. Tried log out, clear cookies, cache, nothing.",[],@805856 Hey Diego! Can you try using an incognito window or a different browser to see if it helps? Let us know how it goes /NS,challenge_rare,playback_connectivity,Unable to play songs on web player.,false,none,Playback failure after standard troubleshooting steps.,Suggestion to try incognito or different browser.,Assume server-side outage without evidence.,qwen/qwen3.6-27b,playback_connectivity,false,none,Suggestion to try incognito or different browser.,Assume server-side outage without evidence.,Accepted Groq suggestion,ai_assisted_human_verified,true
2920775,2920775,808373,Tue Nov 28 21:29:39 +0000 2017,Does anyone know why @115888 isn't working?,[],"@808373 Hey Rebecca! We had a little hiccup backstage, but it should be working now. We're here if you need us /CE",challenge_short,playback_connectivity,User reports service not working.,false,none,Resolved by historical reply.,Confirm service status.,Service is permanently broken.,qwen/qwen3.6-27b,playback_connectivity,false,none,Confirm service status.,Service is permanently broken.,Accepted Groq suggestion,ai_assisted_human_verified,true
677748,677748,281687,Thu Nov 23 05:09:21 +0000 2017,@115888 hello when will @118062 's new album be put on Spotify? I'm poor,[],@281687 Hey Olivia! We've just replied to your DM. Let's continue chatting there /JL,challenge_rare,content_availability_metadata,Asking about album release date.,false,none,Standard content inquiry.,Direct to DMs.,Guarantee specific release date.,qwen/qwen3.6-27b,content_availability_metadata,false,none,Direct to DMs.,Guarantee specific release date.,Accepted Groq suggestion,ai_assisted_human_verified,true
586359,586359,258465,Sun Dec 03 07:08:03 +0000 2017,"@118266 kak, kok tiba2 ada yang nyetel lagu pas saya lagi nyetel lagu juga.. padahal saya cuma sign in di satu device saja https://t.co/ZJFQyCGqMh",[],"@258465 Hey! We can help out in English via Twitter, but we also have Indonesian support via email at https://t.co/ZgU70TbP8M /DV",representative,playback_connectivity,Unexpected playback on single device.,false,none,Language barrier handled.,Offer English support.,Ignore language preference.,qwen/qwen3.6-27b,account_access_security,true,account_or_security_action,Acknowledge the unexpected playback and direct the customer to DM for account security assistance.,Do not claim that the account has been compromised without verification.,"Customer reports unexpected simultaneous playback despite signing in on only one device, suggesting a possible account access issue.",ai_assisted_human_verified,true
2851476,2851477,792832,Mon Nov 27 19:43:40 +0000 2017,@SpotifyCares Do you see how red my forehead is from facepalming? DO YOU??!? =/,"[{""tweet_id"": ""2851477"", ""author_id"": ""792832"", ""inbound"": true, ""text"": ""Thanks for adding the ❤️ and 🚫 buttons, @SpotifyCares.\n\nI just ❤️ed that song w/ the kazoo as its lead instrument. =)\n\nhttps://t.co/BCPNB6ir7U""}, {""tweet_id"": ""2851475"", ""author_id"": ""SpotifyCares"", ""inbound"": false, ""text"": ""@792832 You're welcome! Give us a shout if there's anything else we can do for you. We'll be... https://t.co/AiEGsVLjXp /DV""}]","@792832 Hey! Don’t worry, we can help. What’s happening exactly? Can you let us know the device/OS you’re using? /MT",representative,app_device_features,Issue with liking songs feature.,false,none,Context clarifies feature bug.,Ask for device details.,Feature is broken globally.,qwen/qwen3.6-27b,app_device_features,false,none,Ask for device details.,Feature is broken globally.,Accepted Groq suggestion,ai_assisted_human_verified,true
2985574,2985574,823245,Thu Nov 30 06:51:31 +0000 2017,"@SpotifyCares I cannot find the email address linked to my premium account and nor do I have the password, is there anything you could do?",[],"@823245 Hey Ilia, help's arrived! Can you DM us any usernames or email addresses you might've used to create your account? We'll take a look behind the scenes /LS https://t.co/ldFdZRiNAt",challenge_sensitive,account_access_security,Lost email and password access.,true,account_or_security_action,Requires identity verification steps.,Request account identifiers.,Reset password without verification.,qwen/qwen3.6-27b,account_access_security,true,account_or_security_action,Request account identifiers.,Reset password without verification.,Accepted Groq suggestion,ai_assisted_human_verified,true
2920789,2920789,184736,Tue Nov 28 21:29:15 +0000 2017,Hey @115888 your app isn’t working.,[],@184736 Hey Ryan! Everything should be running smoothly now. Let us know if you're still getting issues /GS,challenge_short,app_device_features,App not working indicates technical issue.,false,none,"General app issue, no sensitive data.",Troubleshooting steps for app issues.,App is permanently broken.,qwen/qwen3.6-27b,app_device_features,false,none,Troubleshooting steps for app issues.,App is permanently broken.,Accepted Groq suggestion,ai_assisted_human_verified,true
2066481,2066481,611099,Sun Nov 26 11:59:17 +0000 2017,@116130 why does my spotify delete all of my saved music whenever it feels like it? It's so frustrating ;-;,[],"@611099 Sorry to hear that, Tom! Check out the steps under “Downloads unexpectedly removed” at https://t.co/38J7tFlIBF. They should help with this /KM",representative,playback_connectivity,Issue with saved music deletion.,false,none,Common playback/download issue.,Link to download troubleshooting guide.,Music was deleted maliciously.,qwen/qwen3.6-27b,content_availability_metadata,false,none,Acknowledge that saved music is disappearing and provide relevant troubleshooting for missing saved music.,Do not claim the music was maliciously deleted or guarantee immediate restoration.,Customer reports saved music disappearing; this concerns missing library content rather than playback or connectivity.,ai_assisted_human_verified,true
649889,649889,274494,Wed Nov 22 19:51:03 +0000 2017,Umm.... @29781 &amp; @115888 how you gonna just delete songs like I don’t already have them memorized? 🤔,[],@274494 Hey Rachel! Sometimes content gets temporarily removed because of licensing changes. Hopefully we'll have it available again soon /MX,challenge_rare,content_availability_metadata,Complaint about songs being deleted.,false,none,Standard licensing availability issue.,Explanation of licensing changes.,Songs will never return.,qwen/qwen3.6-27b,content_availability_metadata,false,none,Explanation of licensing changes.,Songs will never return.,Accepted Groq suggestion,ai_assisted_human_verified,true
628113,628113,268783,Wed Nov 22 11:12:08 +0000 2017,Hi @118266 untuk promo 3 bulan 49.900 berlaku untuk yg sdh pernah pakai premium gak ya? Atau utk pelanggan baru saja?,[],@268783 Hi again! We hope you don't mind us replying in English. Can you DM us your account's email address or username? We'll take a look backstage /JE https://t.co/ldFdZRiNAt,challenge_rare,plan_management_eligibility,Question about promo eligibility.,false,none,Standard plan eligibility query.,Clarification on promo terms.,Promo applies to everyone.,qwen/qwen3.6-27b,plan_management_eligibility,false,none,Clarification on promo terms.,Promo applies to everyone.,Accepted Groq suggestion,ai_assisted_human_verified,true
704784,704784,288440,Thu Nov 23 17:28:07 +0000 2017,"Thanks @115888 for adding a pay to remove feature where they suggest songs in the middle of your playlist. Glad to hear a song very clearly saying the word ""bitch"" in the middle of my CHRISTMAS playlist. My kid heard it. You're not @129941 for a reason.",[],"@288440 Hey Becky! We didn't mean to cause any offense. To reduce the number of Suggested Tracks you get, try adding more artists into your playlists. We'll pass the feedback on to the right people /MX",representative,feedback_other,Complaint about suggested tracks.,false,none,User feedback on feature behavior.,Tips to reduce suggestions.,Feature will be removed.,qwen/qwen3.6-27b,feedback_other,false,none,Tips to reduce suggestions.,Feature will be removed.,Accepted Groq suggestion,ai_assisted_human_verified,true
1842982,1842982,552254,Sat Nov 25 13:49:22 +0000 2017,"alam mo kung taghirap na kung di mo na pinapatawad yung promos, pero bakit ganun ngayon sa spotify T.T",[],"@552254 Hey! We can help out in English via Twitter. If you have any questions, just let us know 🙂 /CG",challenge_rare,feedback_other,General complaint about promo policies.,true,unsupported_language,"Message is in Tagalog, not English.",Offer English support via DM.,Resolve issue in Tagalog publicly.,qwen/qwen3.6-27b,feedback_other,true,unsupported_language,Offer English support via DM.,Resolve issue in Tagalog publicly.,Accepted Groq suggestion,ai_assisted_human_verified,true
2763002,2763002,772949,Sun Nov 26 13:47:38 +0000 2017,@SpotifyCares Spotify I cancelled my premium account with you a few months back yet you have continued to charge me. Please confirm - username is mazowiecki,[],@772949 Hi Rohini! We've just sent you a bit more info over DM. We'll carry on helping out there /DD,challenge_rare,payments_refunds,Unauthorized charges after cancellation.,true,billing_or_refund,Requires investigation of billing history.,Request account details via DM.,Refund amount without verification.,qwen/qwen3.6-27b,payments_refunds,true,billing_or_refund,Request account details via DM.,Refund amount without verification.,Accepted Groq suggestion,ai_assisted_human_verified,true
1842975,1842975,552252,Sat Nov 25 21:05:17 +0000 2017,Hey @115888 @117168 how do I change my account from a regular account to a student account? I’ve been a student for about 4 months and I haven’t had any help with this.,[],@552252 Hi there! Could you DM us your account's email address? We'll take a look backstage /AU https://t.co/ldFdZRiNAt,representative,plan_management_eligibility,Request to switch to Student plan.,false,none,Standard plan change inquiry.,Link to student verification process.,Guarantee immediate plan switch.,qwen/qwen3.6-27b,plan_management_eligibility,false,none,Link to student verification process.,Guarantee immediate plan switch.,Accepted Groq suggestion,ai_assisted_human_verified,true
149372,149372,150038,Fri Nov 24 13:37:35 +0000 2017,@115888 how do you cancel.  Oh Spotify tells you how but doesnt supply an easy way.  #rippedoffbyspotify,[],@150038 Hey there! Can you DM us your account's email address or username? We'll take a look backstage /TJ https://t.co/ldFdZRiNAt,representative,plan_management_eligibility,Inquiry about cancelling subscription.,false,none,Standard cancellation request.,Instructions to cancel via account.,Cancel account directly via Twitter.,qwen/qwen3.6-27b,plan_management_eligibility,false,none,Instructions to cancel via account.,Cancel account directly via Twitter.,Accepted Groq suggestion,ai_assisted_human_verified,true
2913904,2913904,656011,Tue Nov 28 20:39:30 +0000 2017,@115888 what's goin on with the app yo?,[],"@656011 Hey. We had a little hiccup earlier, but everything should be running as smooth as Smooth Jazz now! /JE",representative,app_device_features,General app functionality inquiry.,false,none,Resolved by historical reply.,Confirm service status is normal.,Specific technical details without logs.,qwen/qwen3.6-27b,app_device_features,false,none,Confirm service status is normal.,Specific technical details without logs.,Accepted Groq suggestion,ai_assisted_human_verified,true
519895,519895,239985,Fri Dec 01 23:10:03 +0000 2017,"@SpotifyCares Hey how long should we wait to expect a response for a payment issue? Also, thank u Spotify u rock",[],@239985 Hi! We've just sent you a bit more info over DM. We'll carry on helping out there /JQ,representative,payments_refunds,User asks about payment issue response time.,false,none,"General inquiry, already handled via DM.","Acknowledge thanks, confirm DM follow-up.",Specific resolution timeline for payment.,qwen/qwen3.6-27b,payments_refunds,false,none,"Acknowledge thanks, confirm DM follow-up.",Specific resolution timeline for payment.,Accepted Groq suggestion,ai_assisted_human_verified,true
504291,504291,235577,Fri Dec 01 18:17:53 +0000 2017,"Would love to take advantage of the $99/year offer, but can't get it to work. Facing the issue on both desktop and mobile web. @SpotifyCares https://t.co/bmlujYn3pk",[],@235577 Hi Elizabeth! Help's arrived. Can you DM us your account's email address? We'll take a look under the hood /CP https://t.co/ldFdZRiNAt,representative,plan_management_eligibility,User cannot access annual subscription offer.,false,none,Standard troubleshooting for plan enrollment.,Request account email for investigation.,Guarantee offer availability immediately.,qwen/qwen3.6-27b,plan_management_eligibility,true,low_evidence,Acknowledge the offer issue and direct the customer to DM with account details for investigation.,Do not guarantee the offer is available or promise immediate activation.,"The yearly offer fails across desktop and mobile web, requiring account-specific investigation.",ai_assisted_human_verified,true
2910945,2910946,805852,Wed Nov 29 04:22:52 +0000 2017,"@SpotifyCares Thanks For The Info..
I already Signed in..","[{""tweet_id"": ""2910946"", ""author_id"": ""805852"", ""inbound"": true, ""text"": ""@151631 Hi When @115888 Music Will Be Available In India🇮🇳?? Waiting For It..""}, {""tweet_id"": ""2910944"", ""author_id"": ""SpotifyCares"", ""inbound"": false, ""text"": ""@805852 Hi Amal! We're afraid we don't have any specific info to share. Who knows; maybe in the future, right? For now, we'd suggest signing up here to be first to hear: https://t.co/XDwWzj7cLP /JE""}]",@805852 Great! Hopefully Spotify becomes available in India soon! Let us know if you need anything else /NS,representative,content_availability_metadata,Follow-up on regional availability inquiry.,false,none,"User confirms action, no new issue.","Polite closing, no further action needed.",Specific launch date for India.,qwen/qwen3.6-27b,content_availability_metadata,false,none,"Polite closing, no further action needed.",Specific launch date for India.,Accepted Groq suggestion,ai_assisted_human_verified,true
2908683,2908683,805342,Tue Nov 28 20:26:39 +0000 2017,@117153 you down? Can’t search or do anything that’s not already downloaded. iPhone 6.,[],@805342 Hey Graeme! That doesn't sound right. What iOS and Spotify versions are you using? Are you getting any error messages? A screenshot of the issue would also help. We'll see what we can suggest /LP,representative,playback_connectivity,Search and app functionality failures.,false,none,Requires standard technical troubleshooting steps.,Ask for iOS and app versions.,Service is currently down globally.,qwen/qwen3.6-27b,playback_connectivity,false,none,Ask for iOS and app versions.,Service is currently down globally.,Accepted Groq suggestion,ai_assisted_human_verified,true
570523,570523,253956,Sat Dec 02 21:30:56 +0000 2017,"@115888 Hey, I’m curious if you have any plans to implement touch swipe features to go back etc. on the macOS desktop app? would 💚 it",[],@253956 Hey there! You can help make a similar idea happen by adding your vote at https://t.co/IjCHrDYdEw. Let us know if there's anything else /AP,challenge_rare,app_device_features,Feature request for macOS desktop app.,false,none,"Standard feedback, no urgent action.",Link to community feedback page.,Feature will be implemented soon.,qwen/qwen3.6-27b,app_device_features,false,none,Link to community feedback page.,Feature will be implemented soon.,Accepted Groq suggestion,ai_assisted_human_verified,true
2919353,2919356,808028,Wed Nov 29 09:11:17 +0000 2017,@SpotifyCares thanks I noticed when I tried it later on in the evening,"[{""tweet_id"": ""2919356"", ""author_id"": ""808029"", ""inbound"": true, ""text"": ""Anyone else having issues with their @115888 account? I cannot access anything on my mobile device.""}, {""tweet_id"": ""2919354"", ""author_id"": ""808028"", ""inbound"": true, ""text"": ""@808029 @115888 Every other album not loading....""}, {""tweet_id"": ""2919352"", ""author_id"": ""SpotifyCares"", ""inbound"": false, ""text"": ""@808028 Hi Mark, thanks for bearing with us. Spotify should be working perfectly again! /CE""}]",@808028 Awesome! Let us know if you ever need us again. We'd be... https://t.co/LgAM6ky9Vv 🙂 /BP,representative,playback_connectivity,User confirms previous playback issue resolved.,false,none,"Issue resolved, no further action needed.","Glad it works, offer future help.",Guarantee permanent fix without evidence.,qwen/qwen3.6-27b,playback_connectivity,false,none,"Glad it works, offer future help.",Guarantee permanent fix without evidence.,Accepted Groq suggestion,ai_assisted_human_verified,true
2861,2862,116380,Fri Nov 24 02:31:16 +0000 2017,"@116382 Booooourns. @SpotifyCares, could you please help out with this one?","[{""tweet_id"": ""2862"", ""author_id"": ""116382"", ""inbound"": true, ""text"": ""Hey @116380 you linked the wrong LDRU on his collab with Nicole Millar xx https://t.co/cLsl3vPgtu""}]",@116380 @116382 Hey there! We'll get this reported. Great detective work! https://t.co/LpsmyUtme0 /MJ,representative,content_availability_metadata,Report of incorrect link/metadata on track.,false,none,"Standard metadata report, no security risk.","Acknowledge report, confirm investigation steps.",Promise immediate fix or specific timeline.,qwen/qwen3.6-27b,content_availability_metadata,false,none,"Acknowledge report, confirm investigation steps.",Promise immediate fix or specific timeline.,Accepted Groq suggestion,ai_assisted_human_verified,true
93960,93960,136371,Thu Nov 30 14:35:36 +0000 2017,@115888 are you guys having issues with random pausing? It’s seriously frustrating 😐,[],"@136371 Hey Elias, that doesn't sound right. What device, operating system, and version of Spotify is this happening on? We'll lend a hand /SY",representative,playback_connectivity,User reports random pausing playback issue.,false,none,"Common technical issue, requires troubleshooting.","Ask for device, OS, app version.",Assume specific cause without details.,qwen/qwen3.6-27b,playback_connectivity,false,none,"Ask for device, OS, app version.",Assume specific cause without details.,Accepted Groq suggestion,ai_assisted_human_verified,true
784811,784811,307278,Thu Nov 30 21:58:30 +0000 2017,"@SpotifyCares hey, is it possible to select multiple songs at once?",[],"@307278 Hey there! Could you let us know your device's make/model, operating system, and Spotify version? We'll see what we can suggest /GU",challenge_rare,app_device_features,Question about multi-select feature availability.,false,none,"Feature inquiry, no security or billing risk.",Clarify feature support per device.,Feature exists if unsupported on device.,qwen/qwen3.6-27b,app_device_features,false,none,Clarify feature support per device.,Feature exists if unsupported on device.,Accepted Groq suggestion,ai_assisted_human_verified,true
149359,149359,150033,Fri Nov 24 10:46:10 +0000 2017,Dear @115888 I’d really appreciate if you will also release the #MicDropRemix without Desiigner. Kthanks.,[],"@150033 Hey! Fingers crossed we'll be able to have it soon, but there's info about Spotify content here: https://t.co/0i8GpimuDa. Let us know if you have any other questions /NY",representative,content_availability_metadata,Request for specific track version release.,false,none,"Content request, no urgent security or billing.",Direct to content availability info.,Promise release of unreleased content.,qwen/qwen3.6-27b,content_availability_metadata,false,none,Direct to content availability info.,Promise release of unreleased content.,Accepted Groq suggestion,ai_assisted_human_verified,true
